Publishing house		Activity years		Places	Fill in only if  Palestine		number, address						Relation to table Literary events 					free-text: sources  and links (private)	free-text: sources  and links (public)		any other note (private)
Name @en	Name @ar	From year	To year	City	District	Country	Street address	Phone number	Email	Webpage	Political affiliation	Union affiliation	Literary event	Relation to event	Founder name @en	Founder name @ar	Founder name 2 @ar	Sources private	Sources public	Notes	Other notes
	٣٠ اار			Nazareth		Palestine															
	ابوغوش للنشر والتوزيع			Jerusalem		Palestine		00 972 505464421	abugoshco@gmail.com	https://www.facebook.com/pages/category/Retail-Company/%D9%85%D9%83%D8%AA%D8%A8%D8%A9-%D8%B9%D8%AF%D9%86%D8%A7%D9%86-%D8%A7%D8%A8%D9%88-%D8%BA%D9%88%D8%B4-1961013247478545/						ابو غوش, عدنان	الرفاعي, هبة	book.com/pg/مكتبة-عدنان-ابو-غوش-1961013247478545/about/?ref=page_internal			
	أرض الرباط للنشر	2006		Qalqilya		Palestine		00 970 092940032								شريم, مروان			http://info.wafa.ps/ar_page.aspx?id=9384	WAFA source lists data the permit was issued and to whom. May not be founder & year that the publisher started	
	ابن رشد للنشر	2006		Gaza		Palestine		00 970 08288337											http://info.wafa.ps/ar_page.aspx?id=9384	WAFA source lists data the permit was issued and to whom. May not be founder & year that the publisher started	
	البشير	1996		Gaza		Palestine		00 970 0868388								الدلو,  جواد			http://info.wafa.ps/ar_page.aspx?id=9384	WAFA source lists data the permit was issued and to whom. May not be founder & year that the publisher started	
	بيت المقدس للنشر والتوزيع			Jerusalem		Palestine												https://simania.co.il/publisherDetails.php?itemId=173660			
	اتحاد الشباب الفلسطيني	1992		Ramallah		Palestine	رام الله، شارع النزهة، عمارة البرج الأخضر ط (3-)	00 972 22981313	pyu@pyu-pal.org	http://www.pyu-pal.org/ar	Palestinian National Authority	اتحاد الشباب الفلسطيني							Supported by IROMED, EU, PNA Ministry of Culture, Together for Change, UNDP		
	اتحاد الكتاب  والادباء الفلسطينيين			Ramallah		Palestine		00 970 599757704	gupw2010@gmail.com	http://www.gupw.ps/		اتحاد الكتاب  والادباء الفلسطينيين						Link about union members based in West Bank, Gaza, diaspora and 1948 territories listed as تحت الانشاء or in construction			
	اتحاد الكتاب  والادباء الفلسطينيين			Gaza		Palestine		00 970 599772770	gupw18@gmail.com	http://www.gupw.ps/								Link about union members based in West Bank, Gaza, diaspora and 1948 territories listed as تحت الانشاء or in construction			
	اتحاد الكتاب الفلسطينيين			Nablus		Palestine				http://www.gupw.ps/		اتحاد الكتاب الفلسطينيين							https://www.palestinapedia.net/%D8%A7%D9%84%D8%A7%D8%AA%D8%AD%D8%A7%D8%AF-%D8%A7%D9%84%D8%B9%D8%A7%D9%85-%D9%84%D9%84%D9%83%D8%AA%D8%A7%D8%A8-%D9%88%D8%A7%D9%84%D8%B5%D8%AD%D9%81%D9%8A%D9%8A%D9%86-%D8%A7%D9%84%D9%81%D9%84%D8%B3/	Union under this name stopped in 1999 after members decided to divide profession of literary writing from that of journalism	
	الاتحاد العام للكتاب والصحافيين الفلسطينيين	1966	1999	Gaza		Palestine				http://www.gupw.ps/		الاتحاد العام للكتاب والصحافيين الفلسطينيين									
	الأدبية للطباعة والنشر	1997		Hebron		Palestine		00 970 9927284								الشوابكة, جمال			http://info.wafa.ps/ar_page.aspx?id=9384	WAFA source lists data the permit was issued and to whom. May not be founder & year that the publisher started	
	اصدار الشرق			Tel Aviv		Israel				http://www.gupw.ps/											
	بلدية البيرة قسم شؤون الثقافة			Al-Bira		Palestine	البيرة - شارع البلدية	 00 970 20 2404737 		https://www.al-bireh.ps/facilities/cultural_community	Palestinian National Authority										
	بلدية نابلس			Nablus		Palestine		00 970 92390000	nablus@nablus.org	http://nablus.org/index.php/en/	Palestinian National Authority										
	بيت الامل			Shafa Amr		Israel	PO Box 218, Nablus			https://www.facebook.com/menhon/posts/982336101941952/											
	بيت الشعر وزارة الثقافة			Ramallah		Palestine				https://www.facebook.com/%D8%A8%D9%8A%D8%AA-%D8%A7%D9%84%D8%B4%D8%B9%D8%B1-%D8%A7%D9%84%D9%81%D9%84%D8%B3%D8%B7%D9%8A%D9%86%D9%8A-%D9%88%D8%B2%D8%A7%D8%B1%D8%A9-%D8%A7%D9%84%D8%AB%D9%82%D8%A7%D9%81%D8%A9-1259888840801425/	Palestinian National Authority							Reference to بيت الشعر    http://www.moc.pna.ps/article/1912/%D8%A8%D9%8A%D8%AA-%D8%A7%D9%84%D8%B4%D8%B9%D8%B1-%D9%88%D8%A7%D9%84%D9%85%D9%86%D8%AA%D8%AF%D9%89-%D8%A7%D9%84%D8%AA%D9%86%D9%88%D9%8A%D8%B1%D9%8A-%D8%A7%D9%84%D8%AB%D9%82%D8%A7%D9%81%D9%8A-%D8%A7%D9%84%D9%81%D9%84%D8%B3%D8%B7%D9%8A%D9%86%D9%8A-%D9%8A%D8%AA%D9%81%D9%82%D8%A7%D9%86-%D8%B9%D9%84%D9%89-%D8%A5%D9%82%D8%A7%D9%85%D8%A9-%D9%88%D8%B1%D8%B4%D8%A9-%D9%81%D9%8A-%D8%A7%D9%84%D9%83%D8%AA%D8%A7%D8%A8%D8%A9-%D8%A7%D9%84%D8%B4%D8%B9%D8%B1%D9%8A%D8%A9	http://www.moc.pna.ps/		
	تيلي بال للنشر	1995		Al-Bira		Palestine		00 970 2952586								اللبدي, محمد			http://info.wafa.ps/ar_page.aspx?id=9384	WAFA source lists data the permit was issued and to whom. May not be founder & year that the publisher started	
	جامعة بيت لحم	1973		Bethlehem		Palestine	Rue des Freres # 9, Bethlehem	00 972 1241 274	communications@bethlehem.edu	https://www.bethlehem.edu/arabic											
	جامعة بير زيت	1975		Bir Zeit		Palestine				https://www.birzeit.edu/											
	جامعة القدس المفتوحة	1991		Ramallah		Palestine	Ramallah, Palestine	00 970 2 29645714	info@qou.edu	https://portal.qou.edu/portalLogin.do											
	جامعة النجاح الوطنية	1977		Nablus		Palestine			info@najah.edu	https://www.najah.edu/ar/											
	الجرمق للنشر والتوزيع	2003		Bethlehem		Palestine		00 970 050637286								علقم, جميلة		Alternative first name in brackets (امل)	http://info.wafa.ps/ar_page.aspx?id=9384	WAFA source lists data the permit was issued and to whom. May not be founder & year that the publisher started	
	جمعية مركز اوغاريت للنشر والتوزيع	2005		Ramallah		Palestine		00 970 2405974								أبو بكر, وليد					
	الجمعية الفلسطينية الاكاديمية للشؤون الدولية			Jerusalem		Palestine	جامعة النجاح الوطنية – الحرم الجامعي القديم	00 970  92345115	info@njah.edu	https://www.najah.edu/ar/						خليل, سميحة				خليل, سميحة	
	جمعية إنعاش الاسرة	1965		Al-Bira		Palestine				https://www.youtube.com/channel/UCTUN1btK68n3gsaV_ZYbBbQ									https://prezi.com/view/K49owb1q6iwv1wnlMSbj/		
	جمعية جذور السلام	2000		Bethlehem		Palestine		00 970 2740006		https://www.facebook.com/BeitPress/posts/194375210710553/						طقاطقة, عيسى			http://info.wafa.ps/ar_page.aspx?id=9384	WAFA source lists data the permit was issued and to whom. May not be founder & year that the publisher started	
	جمعية الدراسات العربية			Jerusalem		Palestine				http://www.arabstudiessociety.org/											
	الجمعية العلمية الفلسطينية			Nablus		Palestine															
	الجمعية العلمية الفلسطينية للابداع والتطوير	2012		Jericho		Palestine													https://www.maannews.net/news/481363.html		
	جمعية العنقاء الثقافية			Hebron		Palestine													https://www.albsed.com/28483/%D8%AC%D9%85%D8%B9%D9%8A%D8%A9-%D8%A7%D9%84%D8%B9%D9%86%D9%82%D8%A7%D8%A1-%D8%AA%D8%B9%D8%B1%D8%B6-%D8%A3%D9%81%D9%84%D8%A7%D9%85-%D9%88%D8%AA%D9%86%D9%81%D8%B0-%D9%81%D8%B9%D8%A7%D9%84%D9%8A%D8%A7%D8%AA-%D8%AB%D9%82%D8%A7%D9%81%D9%8A%D8%A9-%D9%85%D8%B4%D8%B1%D9%88%D8%B9-%D9%86%D8%B4%D9%88%D9%81-%D9%81%D9%8A%D9%84%D9%85	Not the same  جمعية العنقاء للتنمية المجتمعية في غزة https://www.wattan.net/ar/news/293346.html	
	جمعية الصداقة الفلسطينيية اليونانية			Jerusalem		Palestine													http://www.wbn.ps/news/%D8%A8%D8%A7%D9%84%D8%B5%D9%88%D8%B1-%D8%AC%D9%85%D8%B9%D9%8A%D8%A9-%D8%A7%D9%84%D8%B5%D8%AF%D8%A7%D9%82%D8%A9-%D8%A7%D9%84%D9%81%D9%84%D8%B3%D8%B7%D9%8A%D9%86%D9%8A%D8%A9-%D8%A7%D9%84%D9%8A%D9%88.html		
Arab Thought Forum	جمعية الملتقى الفكري العربي			Jerusalem		Palestine				https://www.facebook.com/ATF.multaqa/									https://www.nli.org.il/en/books/NNL_ALEPH003873427/NLI		
	حسونة	1996		Gaza		Palestine		00 970 0 863729													
	حنين للنشر والتوزيع	1999		Ramallah		Palestine		00 970 2951573								   علي, صبحي محمد  			http://info.wafa.ps/ar_page.aspx?id=9384	WAFA source lists data the permit was issued and to whom. May not be founder & year that the publisher started	
	الخيمة جمعية للتربية والتنمية			Al-Tayyiba		Palestine															
	الدار الفلسطينية	1995		Nablus		Palestine										الظافر, عمر			http://info.wafa.ps/ar_page.aspx?id=9384	WAFA source lists data the permit was issued and to whom. May not be founder & year that the publisher started	
	الدار العربية للنشر	1996		Ramallah		Palestine															
	الدار الوطنية للطباعة والنشر	1996		Qalqilya		Palestine		00 970 0942111								عواد, ناصيف			http://info.wafa.ps/ar_page.aspx?id=9384	WAFA source lists data the permit was issued and to whom. May not be founder & year that the publisher started	
	الدار الوطنية للترجمة والطباعة والنشر والتوزيع			Nablus		Palestine										جبر,  يحيى			http://info.wafa.ps/ar_page.aspx?id=9384	WAFA source lists data the permit was issued and to whom. May not be founder & year that the publisher started	
	الدار الأبجدية العربية	1998		Bethlehem		Palestine		00 970 2772644								الوحش, سوسن			http://info.wafa.ps/ar_page.aspx?id=9384	WAFA source lists data the permit was issued and to whom. May not be founder & year that the publisher started	
	دار "أبو سلمى"			Acre		Israel										سليمان, أحمد					
	دار الأرز للنشر والتوزيع	2004		Ramallah		Palestine		00 970 059653910													
	دار الأرض للنشر والتوزيع	2010		Ramallah		Palestine		00 970 0598619475								أبو صبح, موفق			http://info.wafa.ps/ar_page.aspx?id=9384	WAFA source lists data the permit was issued and to whom. May not be founder & year that the publisher started. Also listed https://smartindex.ps/company/s/19230	
	دار أسامة للنشر والتوزيع	2000		Hebron		Palestine		00 970 2224303	osama-house@hotmail.com	https://www.facebook.com/pages/category/Writer/%D8%AF%D8%A7%D8%B1-%D8%A7%D8%B3%D8%A7%D9%85%D8%A9-%D9%84%D9%84%D9%86%D8%B4%D8%B1-%D9%88%D8%A7%D9%84%D8%AA%D9%88%D8%B2%D9%8A%D8%B9-%D9%81%D9%84%D8%B3%D8%B7%D9%8A%D9%86-588628647851480/						أبو حلتم, محمد					
	دار الاسراء			Jerusalem		Palestine															
	دار الاسراء للطباعة			Hebron		Palestine	الخليل - ش. عين سارة - بجانب البلدية												https://shobiddak.com/daleels/300		
	دار الإسراء للنشر والتوزيع	1998		Jit		Palestine		00 970 0384906								عرمان, محمد			http://info.wafa.ps/ar_page.aspx?id=9384	WAFA source lists data the permit was issued and to whom. May not be founder & year that the publisher started	
	دار الاعلام للنشر والتوزيع	1993		Nablus		Palestine	نابلس, شارع فلسطين	00 970 92387512	aalam-bs@hotmail.com	https://www.facebook.com/dar.al.aalam.nablus/						عدنان, ماهر		https://shobiddak.com/daleels/1682		FB pages states it has the widest publisher distibution in Palestine	
	دار اقرأ للنشر والتوزيع	1999		Ramallah		Palestine		00 970 2980010								البرغوثي, عبد اللطيف			http://info.wafa.ps/ar_page.aspx?id=9384	WAFA source lists data the permit was issued and to whom. May not be founder & year that the publisher started	
	دار الأقصى للنشر والتوزيع	2002		Ramallah		Palestine	شارع الرئيسي، قرب سرية رام الله, حي الطيرة	00 970 059658993								غنام, تيسير		https://kstna.com/business/dar-al-aqsa-est-for-publishing-distribution	http://info.wafa.ps/ar_page.aspx?id=9384	WAFA source lists data the permit was issued and to whom. May not be founder & year that the publisher started	
	دار الأمل للنشر والتوزيع	1999		Jenin		Palestine		00 970 2434821								السبع, محمود			http://info.wafa.ps/ar_page.aspx?id=9384	WAFA source lists data the permit was issued and to whom. May not be founder & year that the publisher started	
	دار الأمين للنشر والتوزيع	2010		Ramallah		Palestine	طابق 1 عمارة الاسراء ، شارع الارسال, وسط البلد, رام الله	00 970 0599649769								يونس, أمين		https://kstna.com/business/dar-al-amin-bookstore-for-publication-and-distribution	http://info.wafa.ps/ar_page.aspx?id=9384	WAFA source lists data the permit was issued and to whom. May not be founder & year that the publisher started	
	دار إنماء الطفل للنشر والتوزيع	1998		Ramallah		Palestine		00 970 2981657								يوسف, فريد			http://info.wafa.ps/ar_page.aspx?id=9384	WAFA source lists data the permit was issued and to whom. May not be founder & year that the publisher started	
	دار الأهرام للنشر والتوزيع	2005		Deir Dibwan		Palestine		00 970 2896729								حسين, ذبلان حسين			http://info.wafa.ps/ar_page.aspx?id=9384	WAFA source lists data the permit was issued and to whom. May not be founder & year that the publisher started	
	دار الايتام الإسلامية الصناعية	1921		Jerusalem		Palestine	العيزرية - بجانب مسجد المرابطين مقابل مديرية صحة القدس	00 970 22792942	info@daralaytam.ps	https://www.daralaytam.ps/						الحسيني,  محمد					
	دار باب الواد	1965		Ramallah		Palestine		00 970 298593500								جابر,  محمد			http://info.wafa.ps/ar_page.aspx?id=9384	WAFA source lists data the permit was issued and to whom. May not be founder & year that the publisher started	
	دار باب الواد	2011		Jerusalem		Palestine			info@babelwad.com	https://babelwad.com/								Set up to commmemorate martyr الحلبي, سليمان			
	دار البيادر			Jerusalem		Palestine															
	دار البيارن للنشر والتوزيع	2001		Bethlehem		Palestine		00 970 2750141								مطور, عمر			http://info.wafa.ps/ar_page.aspx?id=9384	WAFA source lists data the permit was issued and to whom. May not be founder & year that the publisher started	
	دار البيان للنشر والتوزيع			Bethlehem		Palestine													https://www.khazaaen.org/en/node/2910		
	دار بيت المقدس للنشر	1999		Nablus		Palestine		00 970 2940843								داود, إبراهيم			http://info.wafa.ps/ar_page.aspx?id=9384	WAFA source lists data the permit was issued and to whom. May not be founder & year that the publisher started. Alternative phone number :00 970  02 2987808	
	دار بيرزيت	1995		Ramallah		Palestine										علوش, موسى			http://info.wafa.ps/ar_page.aspx?id=9384	WAFA source lists data the permit was issued and to whom. May not be founder & year that the publisher started	
	دار البيرق العربي للنشر والتوزيع	2007		Ramallah		Palestine	دوار الساعة، شارع المكتبة، بناية تفاحة, رام الله	00 970 22950521		http://www.lailnhar.com/content/%D8%AF%D8%A7%D8%B1-%D8%A7%D9%84%D8%A8%D9%8A%D8%B1%D9%82-%D8%A7%D9%84%D8%B9%D8%B1%D8%A8%D9%8A-%D9%84%D9%84%D9%86%D8%B4%D8%B1-%D9%88%D8%A7%D9%84%D8%AA%D9%88%D8%B2%D9%8A%D8%B9						الهودلي, عبد الجابر	جودة, أكرم		http://info.wafa.ps/ar_page.aspx?id=9384	WAFA source lists data the permit was issued and to whom. May not be founder & year that the publisher started	
	دار البيرق العربي للنشر والتوزيع	1998		Tulkarm		Palestine										جودة, أكرم			http://info.wafa.ps/ar_page.aspx?id=9384	WAFA source lists data the permit was issued and to whom. May not be founder & year that the publisher started	
	دار البيرق العربي للنشر والتوزيع	2007		Al-Bira		Palestine		00 970 059964001								صالح, حسين			http://info.wafa.ps/ar_page.aspx?id=9384	WAFA source lists data the permit was issued and to whom. May not be founder & year that the publisher started	
	دار البشير للنشر	1999		Ramallah		Palestine		00 970 2960140													
	دار التعاون العربي	1995		Nablus		Palestine										الجيوسي, محمد			http://info.wafa.ps/ar_page.aspx?id=9384	WAFA source lists data the permit was issued and to whom. May not be founder & year that the publisher started	
	دار الثائر للنشر والتوزيع	2004		Bethlehem		Palestine		00 970  052838106								أبو حسن, عزمي			http://info.wafa.ps/ar_page.aspx?id=9384	WAFA source lists data the permit was issued and to whom. May not be founder & year that the publisher started	
	دار الثقافة للنشر	2000		Tulkarm		Palestine		00 970 2402311								طعمة, كفاية			http://info.wafa.ps/ar_page.aspx?id=9384	WAFA source lists data the permit was issued and to whom. May not be founder & year that the publisher started	
	دار الجندي للنشر والتوزيع			Jerusalem		Palestine															
	دار الجندي للنشر	2011		Bayt Hanina		Palestine		00 970 0548059184		https://www.facebook.com/GVPalestine/						جندي, سمير			http://info.wafa.ps/ar_page.aspx?id=9384	WAFA source lists data the permit was issued and to whom. May not be founder & year that the publisher started. Won first prize for best Arab book publisher in 2015 - https://www.raialyoum.com/index.php/%D8%AF%D8%A7%D8%B1-%D8%A7%D9%84%D8%AC%D9%86%D8%AF%D9%8A-%D9%84%D9%84%D9%86%D8%B4%D8%B1-%D9%88%D8%A7%D9%84%D8%AA%D9%88%D8%B2%D9%8A%D8%B9-%D8%A8%D8%A7%D9%84%D9%82%D8%AF%D8%B3-%D8%AA%D8%AD%D8%B5/	
	دار جيل للنشر	2008		Ramallah		Palestine		00 970 2951262											http://info.wafa.ps/ar_page.aspx?id=9384	WAFA source lists data the permit was issued and to whom. May not be founder & year that the publisher started	
	دار خطى للنشر	2016		Gaza		Palestine	Gaza City, Al Sina'a crossing, Almotaz 3 Building.	00 970 597 888 638		https://www.facebook.com/khotabook/											
	دار الخليل			Acre		Israel										أبو دية, حسن			http://info.wafa.ps/ar_page.aspx?id=9384	WAFA source lists data the permit was issued and to whom. May not be founder & year that the publisher started	
	دار خليل الوزير للطباعة والنشر	1999		Ramallah		Palestine													http://info.wafa.ps/ar_page.aspx?id=9384	WAFA source lists data the permit was issued and to whom. May not be founder & year that the publisher started	
	دار الدعاء للنشر والتوزيع	2004		Ad Doha		Palestine		00 970 059251150								خميس, وليد			http://info.wafa.ps/ar_page.aspx?id=9384	WAFA source lists data the permit was issued and to whom. May not be founder & year that the publisher started	
	دار راية للنشر والترجمة			Haifa		Israel	Masada Street 30, Haifa		raya.publication@gmail.com	https://www.facebook.com/pages/category/Bookstore/Dar-RayaBookstore-Cafe-Publishing-House-1038319829519081/											
	دار الريان للطباعة والنشر			Nablus		Palestine															
	دار الزاهرة			Ramallah		Palestine															
	دار الزيتون			Nablus		Palestine															
	دار السعيد للنشر والتوزيع	2000		Anata		Palestine		00 970 328470								الحلايقة, فرج			http://info.wafa.ps/ar_page.aspx?id=9384	WAFA source lists data the permit was issued and to whom. May not be founder & year that the publisher started	
	دار السلام	1998		Ramallah		Palestine		00 970 2958393													
	دار الشامل للنشر والتوزيع	2012		Nablus		Palestine		00 970 9 234 3625		https://www.facebook.com/shamel.book/											
	دار الشروق للطباعة والنشر	1979		Ramallah		Palestine	نهاية شارع مستشفى رام الله	00 970 2975632	shorokpr@palnet.com							البس, فتحي			http://info.wafa.ps/ar_page.aspx?id=9384	WAFA source lists data the permit was issued and to whom. May not be founder & year that the publisher started	
	دار الشروق للطباعة والنشر	2000		Gaza		Palestine		00 970 2952284	shorokpr@palnet.com	https://www.facebook.com/shorokpalestine/						البس, فتحي			http://info.wafa.ps/ar_page.aspx?id=9384	WAFA source lists data the permit was issued and to whom. May not be founder & year that the publisher started	
	دار الشفق للنشر والتوزيع			Jerusalem		Palestine															
	دار الشيما للنشر والتوزيع			Ramallah		Palestine													https://alkindi.ideo-cairo.org/agent/95084	Publications by this publisher listed here: https://alkindi.ideo-cairo.org/agent/work_manifestation_publication_by/95084/50	
	دار الشيما للنشر والتوزيع	2007		Beitunya		Palestine		00 970 2956423								البيشاوي, سعيد			http://info.wafa.ps/ar_page.aspx?id=9384	WAFA source lists data the permit was issued and to whom. May not be founder & year that the publisher started	
	دار الصفوة للنشر والتوزيع	2001		Gaza		Palestine		00 970 2821212								بسيسو, فؤاد			http://info.wafa.ps/ar_page.aspx?id=9384	WAFA source lists data the permit was issued and to whom. May not be founder & year that the publisher started	
	دار الصوت			Nazareth		Palestine													https://www.nli.org.il/en/books/NNL_ALEPH990018307120205171/NLI	Link from Israeli archive refers to a publication on Palestinian prison literature	
	دار العقيق	1996		Ramallah		Palestine		00 970  2955481								مزعرو , وفاء			http://info.wafa.ps/ar_page.aspx?id=9384	WAFA source lists data the permit was issued and to whom. May not be founder & year that the publisher started	
	دار عكا للنشر والتوزيع			Acre		Israel															
	دار علوش للنشر			Bir Zeit		Palestine												https://www.jec.ps/store/index.php?route=product/manufacturer/info&manufacturer_id=84			
	دار العماد للنشر والتوزيع	2012		Hebron		Palestine	فلسطين - الخليل – شارع واد التفاح الجديد - بجانب موقف دنديس	00 970 2295908	info@dar-alemad.com	http://www.dar-alemad.com/						دنديس, وائل			http://info.wafa.ps/ar_page.aspx?id=9384	WAFA source lists data the permit was issued and to whom. May not be founder & year that the publisher started	
	دار العناة للطباعة والنشر والتوزيع			Ramallah		Palestine															
	دار الغدق للنشر والتوزيع	2017		Kafr Al-Deik		Palestine	كفرالديك, سلفيت	00 970 05 98343837	daralghadaq@gmail.com	https://www.facebook.com/%D8%AF%D8%A7%D8%B1-%D8%A7%D9%84%D8%BA%D8%AF%D9%82-%D9%84%D9%84%D9%86%D8%B4%D8%B1-%D9%88%D8%A7%D9%84%D8%AA%D9%88%D8%B2%D9%8A%D8%B9-1309774505810054/									https://www.maannews.net/news/887343.html		
	دار العودة للدراسات والنشر			Jerusalem		Palestine															
	دار الفاروق للنشر	1995		Nablus		Palestine		00 970 0 377969								سماعنة, محمد			http://info.wafa.ps/ar_page.aspx?id=9384	WAFA source lists data the permit was issued and to whom. May not be founder & year that the publisher started	
	دار الفكر للنشر والتوزيع	2005		Beitunya		Palestine		00 970 059801540								جرادات, حسن			http://info.wafa.ps/ar_page.aspx?id=9384	WAFA source lists data the permit was issued and to whom. May not be founder & year that the publisher started	
	دار الفكر العربي	2001		Nablus		Palestine		00 970 2382144								صبح, محمد			http://info.wafa.ps/ar_page.aspx?id=9384	WAFA source lists data the permit was issued and to whom. May not be founder & year that the publisher started	
	دار الفنار العالمية للطباعة والنشر	1998		Bethlehem		Palestine		00 970  0612201   								عليان, عادل			http://info.wafa.ps/ar_page.aspx?id=9384	WAFA source lists data the permit was issued and to whom. May not be founder & year that the publisher started	
	دار القدس للبحث والتوثيق	2003		Ramallah		Palestine		00 970 2961050								الحاج, فخري			http://info.wafa.ps/ar_page.aspx?id=9384	WAFA source lists data the permit was issued and to whom. May not be founder & year that the publisher started	
	دار القسطل			Jerusalem		Palestine															
	دار القصبة للنوزيع	2007		Al-Bira		Palestine		00 970 2965292											http://info.wafa.ps/ar_page.aspx?id=9384	WAFA source lists data the permit was issued and to whom. May not be founder & year that the publisher started	
	دار الكاتب			Jerusalem		Palestine												https://books.google.co.uk/books?id=IB6tDQAAQBAJ&pg=PA132&lpg=PA132&dq=%D8%AF%D8%A7%D8%B1+%D8%A7%D9%84%D9%83%D8%A7%D8%AA%D8%A8+%D8%A7%D9%84%D9%82%D8%AF%D8%B3&source=bl&ots=KE9FaeO5iN&sig=ACfU3U251jCfapMc6AjqD1fErBW8r2NzlA&hl=en&sa=X&ved=2ahUKEwiakfWki-3oAhXWi1wKHQNZDBIQ6AEwA3oECAsQKg#v=onepage&q=%D8%AF%D8%A7%D8%B1%20%D8%A7%D9%84%D9%83%D8%A7%D8%AA%D8%A8%20%D8%A7%D9%84%D9%82%D8%AF%D8%B3&f=false			
	دار الكاتب	1995		Ramallah		Palestine		00 970 2952890								الأسعد, أسعد			http://info.wafa.ps/ar_page.aspx?id=9384	WAFA source lists data the permit was issued and to whom. May not be founder & year that the publisher started	
	دار الكرمل	1996		Al-Ram		Palestine		00 970 50352558								سلامة,  أميرة			http://info.wafa.ps/ar_page.aspx?id=9384	WAFA source lists data the permit was issued and to whom. May not be founder & year that the publisher started	
	دار الكلمة للنشر والتوزيع			Ramallah		Palestine															
	دار الكلمة للنشر والتوزيع			Gaza		Palestine	الشيخ رضوان بالقرب من مطبخ مهران, غزة	00 970 598877444	dura.atef@gmail.com	https://www.facebook.com/%D8%AF%D8%A7%D8%B1-%D8%A7%D9%84%D9%83%D9%84%D9%85%D8%A9-%D9%84%D9%84%D9%86%D8%B4%D8%B1-%D9%88%D8%A7%D9%84%D8%AA%D9%88%D8%B2%D9%8A%D8%B9-597277387010318/								https://pulpit.alwatanvoice.com/articles/2020/01/09/510794.html			
	دار مالك للنشر والتوزيع	1997		Gaza		Palestine		00 970 0864750								التالوتي, عبد المالك			http://info.wafa.ps/ar_page.aspx?id=9384	WAFA source lists data the permit was issued and to whom. May not be founder & year that the publisher started	
	دار الماجد			Al-Bira		Palestine															
	دار الماجد			Ramallah		Palestine															
	دار المستقبل	1995		Hebron		Palestine		00 970 9925638											http://info.wafa.ps/ar_page.aspx?id=9384	WAFA source lists data the permit was issued and to whom. May not be founder & year that the publisher started	
	دار المشرق			Shafa Amr		Israel															
	دار المواكب			Acre		Israel															
	دار النادر للنشر والتوزيع	1999		Ramallah		Palestine										منصور, نادر			http://info.wafa.ps/ar_page.aspx?id=9384	WAFA source lists data the permit was issued and to whom. May not be founder & year that the publisher started	
	دار الناشر	1997		Ramallah		Palestine		00 970 2986387								عبد الهادي, سعد			http://info.wafa.ps/ar_page.aspx?id=9384	WAFA source lists data the permit was issued and to whom. May not be founder & year that the publisher started	
	دار الناشر العربي	2002		Ramallah		Palestine		00 970 059868914								عبد الله, مازن			http://info.wafa.ps/ar_page.aspx?id=9384	WAFA source lists data the permit was issued and to whom. May not be founder & year that the publisher started	
	دار النسور الصاعدة	1996		Bethlehem		Palestine										الفرارجة, هشام			http://info.wafa.ps/ar_page.aspx?id=9384	WAFA source lists data the permit was issued and to whom. May not be founder & year that the publisher started	
	دار النشر العربي			Tel Aviv		Israel															
	دار النشر كفر قرع			Kafr Qara		Israel															
	دار النور للنشر والتوزيع	1999		Ramallah		Palestine		00 970 256465								عيسى, عبد المنعم					
	دار النورس	1996		Gaza		Palestine		00 970 0864607								السبعاوي, عبد الكريم			http://info.wafa.ps/ar_page.aspx?id=9384	WAFA source lists data the permit was issued and to whom. May not be founder & year that the publisher started	
	دار الهاني للطباعة والنشر	2004		Gaza		Palestine		00 970 2823030								الشوا, باسم		https://k-tb.com/publishing_house/%D8%AF%D8%A7%D8%B1-%D8%A7%D9%84%D9%87%D8%A7%D9%86%D9%8A-%D9%84%D9%84%D8%B7%D8%A8%D8%A7%D8%B9%D8%A9-%D9%88%D8%A7%D9%84%D9%86%D8%B4%D8%B1	http://info.wafa.ps/ar_page.aspx?id=9384	WAFA source lists data the permit was issued and to whom. May not be founder & year that the publisher started	
	دار الهدى للطباعة والنشر كريم	1987		Kafr Qara		Israel		00 970 46354114		http://darelhuda.net/									Specialising in children's literature and other educational resources as well as literature.		
	دار وائل للنشر	1996		Al-Bira		Palestine		00 970 2982135								أبو غربية,   داود			http://info.wafa.ps/ar_page.aspx?id=9384	WAFA source lists data the permit was issued and to whom. May not be founder & year that the publisher started	
	دار الوسط للنشر	2009		Ramallah		Palestine		00 970 2974651													
	دار الوسط اليوم للاعلام والنشر			Ramallah		Palestine				https://www.alwasattoday.com/wasat-media-and-publishing											
	دار الوليد للنشر والتوزيع			Hebron		Palestine	فلسطين - الخليل - شارع وادي التفاح 	00 970 970 2 2299993		http://www.daralwalid.com									http://www.lailnhar.com/content/%D9%85%D9%83%D8%AA%D8%A8%D8%A9-%D8%AF%D9%86%D8%AF%D9%8A%D8%B3-%D8%A7%D9%84%D8%B9%D9%84%D9%85%D9%8A%D8%A9-%D8%AF%D8%A7%D8%B1-%D8%A7%D9%84%D9%88%D9%84%D9%8A%D8%AF-%D9%84%D9%84%D9%86%D8%B4%D8%B1-%D9%88%D8%A7%D9%84%D8%AA%D9%88%D8%B2%D9%8A%D8%B9		
	دار الياحور للنشر والتوزيع			Jerusalem		Palestine		00 970 597345347	darilyahor@gmail.com										Publisher in 2019 is listed as having a base in Abu Dis; lends out as well as publishes books; café area		
	دار يارا للنشر	2005		Ramallah		Palestine		00 970 2404225								القبج, سامح			http://info.wafa.ps/ar_page.aspx?id=9384	WAFA source lists data the permit was issued and to whom. May not be founder & year that the publisher started	
	دارة الزيتونة للنشر والتوزيع	1997		Qalqilya		Palestine										علي, أحمد			http://info.wafa.ps/ar_page.aspx?id=9384	WAFA source lists data the permit was issued and to whom. May not be founder & year that the publisher started	
	دير بير يعقوب			Nablus		Palestine															
	رابطة الكتاب والادباء الفلسطينين			Nazareth		Palestine		00 970 0599 785065	authors.ps@gmail.com	https://www.facebook.com/authorsps/											
	الرعاة للدراسات والنشر			Ramallah		Palestine															
	الرقمية للنشر والتوزيع			Jerusalem		Palestine			info@alraqamia.com	https://alraqamia.com/user/profile/publisher/9											
	الزيتونة للطباعة والنشر	1997		Ramallah		Palestine		00 970 2987289								الحسن, إبراهيم			http://info.wafa.ps/ar_page.aspx?id=9384	WAFA source lists data the permit was issued and to whom. May not be founder & year that the publisher started	
	الزيزفونة لتنمية ثقافة الطفل			Ramallah		Palestine				https://www.facebook.com/pages/%D8%AC%D9%85%D8%B9%D9%8A%D8%A9-%D8%A7%D9%84%D8%B2%D9%8A%D8%B2%D9%81%D9%88%D9%86%D8%A9-%D9%84%D8%AA%D9%86%D9%85%D9%8A%D8%A9-%D8%AB%D9%82%D8%A7%D9%81%D8%A9-%D8%A7%D9%84%D8%B7%D9%81%D9%84/1450938785219700											
	السروجي للطباعة والنشر			Acre		Israel													https://alraqamia.com/pages/index/3	Digital formats of publishing are a way for authors to find new platforms despite occupation	
	السقا	1996		Gaza		Palestine		00 970 0851206								السقا, عبد الجواد			http://info.wafa.ps/ar_page.aspx?id=9384	WAFA source lists data the permit was issued and to whom. May not be founder & year that the publisher started	
	سكاي للتوزيع	2006		Al-Bira		Palestine		00 970 2986879											http://info.wafa.ps/ar_page.aspx?id=9384	WAFA source lists data the permit was issued and to whom. May not be founder & year that the publisher started	
	سلام اميل حبيبي			Nazareth		Palestine															
	سمارات للطباعة			Nablus		Palestine															
	سمير منصور للنشر والتوزيع	2006		Gaza		Palestine		00 970  599 732 212  	samirmansour@live.com	https://www.facebook.com/samirmansourbookshop/						منصور, سمير			http://info.wafa.ps/ar_page.aspx?id=9384	WAFA source lists data the permit was issued and to whom. May not be founder & year that the publisher started	
	سهيل عيساوي للطباعة والنشر			Kafr Manda		Israel												https://www.c4wr.com/%D8%B5%D8%AF%D8%B1-%D8%AD%D8%AF%D9%8A%D8%AB%D8%A7-%D8%B9%D9%86-%D8%AF%D8%A7%D8%B1-%D8%B3%D9%87%D9%8A%D9%84-%D8%B9%D9%8A%D8%B3%D8%A7%D9%88%D9%8A-%D9%84%D9%84%D8%B7%D8%A8%D8%A7/			
	الشاشة الفلسطينية			Ramallah		Palestine															
	الشامل للنشر والتوزيع			Nablus		Palestine															
	شبلاق	1996		Gaza		Palestine		00 970 0861382								شبلاق, رياض			http://info.wafa.ps/ar_page.aspx?id=9384	WAFA source lists data the permit was issued and to whom. May not be founder & year that the publisher started	
	الشجرة إدارة مشاريع			Haifa		Israel															
	الشخشير للطباعة والنشر	1998		Nablus		Palestine		00 970 0379158  											http://info.wafa.ps/ar_page.aspx?id=9384	WAFA source lists data the permit was issued and to whom. May not be founder & year that the publisher started	
	شرق برس للدراسات والنشر	1997		Ramallah		Palestine		00 970 2987308								شبيب, سميح		https://www.alquds.co.uk/%D8%A7%D9%84%D8%B3%D9%88%D9%8A%D8%AF-%D9%88%D8%A7%D9%84%D9%82%D8%B6%D9%8A%D8%A9-%D8%A7%D9%84%D9%81%D9%84%D8%B3%D8%B7%D9%8A%D9%86%D9%8A%D8%A9/	http://info.wafa.ps/ar_page.aspx?id=9384	WAFA source lists data the permit was issued and to whom. May not be founder & year that the publisher started	
	شركة أبو الهول	1996		Gaza		Palestine		00 970 0820269								الغرابلي, محمود			http://info.wafa.ps/ar_page.aspx?id=9384	WAFA source lists data the permit was issued and to whom. May not be founder & year that the publisher started	
	شركة دار الأرقم	1996		Ramallah		Palestine										عواد, يوسف			http://info.wafa.ps/ar_page.aspx?id=9384	WAFA source lists data the permit was issued and to whom. May not be founder & year that the publisher started	
	شركة دويدار	1996		Gaza		Palestine		00 970 0868388								دويدار, عبد الله			http://info.wafa.ps/ar_page.aspx?id=9384	WAFA source lists data the permit was issued and to whom. May not be founder & year that the publisher started	
	شركة رام الله الحديثة	2003		Ramallah		Palestine		00 970 2954731											http://info.wafa.ps/ar_page.aspx?id=9384	WAFA source lists data the permit was issued and to whom. May not be founder & year that the publisher started	
	شركة الريس	1996		Nablus		Palestine		00 970 2374941											http://info.wafa.ps/ar_page.aspx?id=9384	WAFA source lists data the permit was issued and to whom. May not be founder & year that the publisher started	
	شركة العودة للنشر والتوزيع	2004		Ramallah		Palestine		00 970 2409454								القلقيلي, عبد الفتاح			http://info.wafa.ps/ar_page.aspx?id=9384	WAFA source lists data the permit was issued and to whom. May not be founder & year that the publisher started	
	الشركة الفلسطينية للتوزيع	2005		Ramallah		Palestine		00 970 2973333								زعموري, عودة			http://info.wafa.ps/ar_page.aspx?id=9384	WAFA source lists data the permit was issued and to whom. May not be founder & year that the publisher started	
	شركة مكتبة شاربين			Jerusalem		Palestine	القدس. شارع صلاح الدين، باب الزاهرة	00 972 02 6286775										https://kstna.com/business/sharbain-co/jerusalem-downtown		Own webpage up but not running - April 2020.	
	شركة مكتبة شاربين			Ramallah		Palestine				http://www.sharbain.com/										Own webpage up but not running - April 2020.	
	شركة النشر المتطور	1996		Ramallah		Palestine		00 970 2985978		http://www.sharbain.com/						عبد الهادي, سميرة			http://info.wafa.ps/ar_page.aspx?id=9384	WAFA source lists data the permit was issued and to whom. May not be founder & year that the publisher started	
	شمس			Baqa Al-Gharbiyya		Israel															
	صبح	1996		Rafah		Palestine		00 970 0835674 								صبح,  روحي			http://info.wafa.ps/ar_page.aspx?id=9384	WAFA source lists data the permit was issued and to whom. May not be founder & year that the publisher started	
	الصخرة المشرفة للنشر	2000		Husan		Palestine		00 970 052863707								الشاعر, عماد			http://info.wafa.ps/ar_page.aspx?id=9384	WAFA source lists data the permit was issued and to whom. May not be founder & year that the publisher started	
	طباق للنشر والتوزيع			Al-Bira		Palestine		00 970 568 926 677		https://www.facebook.com/pages/category/Publisher/%D8%B7%D9%90%D8%A8%D8%A7%D9%82-%D9%84%D9%84%D9%86%D8%B4%D8%B1-%D9%88%D8%A7%D9%84%D8%AA%D9%88%D8%B2%D9%8A%D8%B9-Tibaq-publishing-house--308578379551499/								https://www.arab48.com/%D8%A8%D8%AD%D8%AB?searchText=%D8%AF%D8%A7%D8%B1%20%D8%B7%D8%A8%D8%A7%D9%82%20%D9%84%D9%84%D9%86%D8%B4%D8%B1%20%D9%88%D8%A7%D9%84%D8%AA%D9%88%D8%B2%D9%8A%D8%B9		Publishes on wide range of qadiya filastini issues https://pulpit.alwatanvoice.com/articles/2018/07/31/469749.html	
	الطيب للطباعة والنشر	1997		Bethlehem		Palestine		00 970 0741526								هرماس, غسان			http://info.wafa.ps/ar_page.aspx?id=9384	WAFA source lists data the permit was issued and to whom. May not be founder & year that the publisher started	
	عربسك			Haifa		Israel												https://www.albayan.ae/five-senses/2005-10-04-1.104703			
	غرافيك 21	1996		Al-Bira		Palestine		00 970 52592085								الدويك, وائل			http://info.wafa.ps/ar_page.aspx?id=9384	WAFA source lists data the permit was issued and to whom. May not be founder & year that the publisher started	
	غرناطة للنشر والتوزيع	1997		Gaza		Palestine		00 970 0826829								الهبيل, عبد الرحيم			http://info.wafa.ps/ar_page.aspx?id=9384	WAFA source lists data the permit was issued and to whom. May not be founder & year that the publisher started	
	فلسطين للطباعة والنشر	2000		Deir Al Balah		Palestine		00 970 2437337								أبو الرب, عمر		https://yellowpages.com.ps/companies/6374-%D8%B4%D8%B1%D9%83%D8%A9-%D9%81%D9%84%D8%B3%D8%B7%D9%8A%D9%86-%D9%84%D9%84%D8%B7%D8%A8%D8%A7%D8%B9%D8%A9-%D9%88%D8%A7%D9%84%D9%86%D8%B4%D8%B1	http://info.wafa.ps/ar_page.aspx?id=9384	WAFA source lists data the permit was issued and to whom. May not be founder & year that the publisher started	
	القادرية للنشر والتوزيع	2004		Jenin		Palestine															
	القبس العربي			Acre		Israel		00 970 2531550								أبو شومر, توفيق			http://info.wafa.ps/ar_page.aspx?id=9384	WAFA source lists data the permit was issued and to whom. May not be founder & year that the publisher started	
	كرمل ميديا			Daliyat Al-Karmil		Israel															
	كان ياما كان	2002		Ramallah		Palestine		00 970 2981165								مصلح, روز		http://safa.ps/post/214965/%D8%A5%D8%B7%D9%84%D8%A7%D9%82-%D9%81%D8%B9%D8%A7%D9%84%D9%8A%D8%A7%D8%AA-%D9%85%D8%A8%D8%A7%D8%AF%D8%B1%D8%A9-%D9%83%D8%A7%D9%86-%D9%8A%D8%A7%D9%85%D8%A7-%D9%83%D8%A7%D9%86-%D8%A8%D8%B1%D8%A7%D9%85-%D8%A7%D9%84%D9%84%D9%87	http://info.wafa.ps/ar_page.aspx?id=9384	WAFA source lists data the permit was issued and to whom. May not be founder & year that the publisher started	
	كلية القاسمي			Baqa Al-Gharbiyya		Israel			majmaa.qsm@gmail.com	http://www.eduqasemi.com/											
	اللجنة الثقافية لنقابة عمال المطابع			Nablus		Palestine						نقابة عمال المطابع									
	اللقاء			Jerusalem		Palestine															
	ليبرتي بوكس			Jerusalem		Palestine															
	المجلس الأعلى للتربية والثقافة			Ramallah		Palestine					منظمة التحريرالفلسطيني							http://www.wafa.ps/ar_page.aspx?id=o6sdjxa59368448634ao6sdjx			
PalFest	مجلس الأمناء المؤسسة لاحتفالية فلسطين للأدب	2008		Jerusalem		Palestine				https://www.palfest.org/about-us						سويف, اهداف					
	مجمع القاسم للغة العربية وآدابها			Baqa Al-Gharbiyya		Israel	شارع القاسمي, باقة الغربية	00 972 4 6286600	pro@qsm.ac.il	https://www.qsm.ac.il/category/69/%D9%85%D8%AC%D9%85%D8%B9_%D8%A7%D9%84%D9%82%D8%A7%D8%B3%D9%85%D9%8A_%D9%84%D9%84%D8%BA%D8%A9_%D8%A7%D9%84%D8%B9%D8%B1%D8%A8%D9%8A%D8%A9											
	المداد الناطق للنشر والتوزيع	2012		Al-Mazra'a Al-Sharqiyya		Palestine		00 970 599 377 192	naelsaleh@yahoo.com	https://www.facebook.com/maktabt.almedad.main.page/									http://info.wafa.ps/ar_page.aspx?id=9384	WAFA source lists data the permit was issued and to whom. May not be founder & year that the publisher started	
	المركز الفلسطيني للثقافة والاعلام			Jenin		Palestine	ط. 3,ع. فؤاد المركزية,ش. ابو بكر, وسط البلد	00 970 2971246								قاسم, جهاد		https://yellowpages.com.ps/companies/9936-%D8%A7%D9%84%D9%85%D8%B1%D9%83%D8%B2-%D8%A7%D9%84%D9%81%D9%84%D8%B3%D8%B7%D9%8A%D9%86%D9%8A-%D9%84%D9%84%D8%AB%D9%82%D8%A7%D9%81%D8%A9-%D9%88%D8%A7%D9%84%D8%A7%D8%B9%D9%84%D8%A7%D9%85-%D9%88%D8%A7%D9%84%D9%86%D8%B4%D8%B1	http://info.wafa.ps/ar_page.aspx?id=9384	WAFA source lists data the permit was issued and to whom. May not be founder & year that the publisher started	
	المركز الفلسطيني للنشر والدراسات	2005		Ramallah		Palestine	ام الله - المصيون بجانب وزارة التخطيط، عمارة ابن خلدون الطابق الثاني	00 972 02 2966201	madar@madarcenter.org	https://alraqamia.com/user/profile/publisher/5											
	المركز القومي للدراسات والتوثيق			Gaza		Palestine															
	مركز الأبحاث منظمة التحرير الفلسطيني	1965		Al-Bira		Palestine	شارع تل الزعتر – عمارة محمد الأمين – الطابق الأول	00 970 2966228-2	info@prc.ps	https://www.prc.ps/	منظمة التحرير الفلسطيني					الشقيري, احمد			https://www.prc.ps/%D8%AF%D9%88%D8%B1%D9%8A%D8%A7%D8%AA/	First founded in Lebanon 1965; Moved to Cyprus; Then to Al-Bira. Link to online version of مجلة الشؤون الفلسطينية	
	مركز احياء التراث العربي	1981		Al-Tayyiba		Israel										برانسي, صالح	مرعي, سامي		https://www.knooznet.com/?app=article.show.45685	First founded in 1981, not 1993. First event held 1984; then 1986. First publication 1986. See article via link.	
	مركز الإنماء التربوي	1996		Ramallah		Palestine										عوض, فريد			http://info.wafa.ps/ar_page.aspx?id=9384	WAFA source lists data the permit was issued and to whom. May not be founder & year that the publisher started	
	مركز اوغاريت	1998		Ramallah		Palestine		00 970 5740321								الغزاوي, عزت		https://www.facebook.com/103552476818/posts/298198813642167/	http://info.wafa.ps/ar_page.aspx?id=9384	WAFA source lists data the permit was issued and to whom. May not be founder & year that the publisher started. Published over 170 books. http://alrai.com/article/634031/%D8%A7%D9%84%D8%B1%D8%A3%D9%8A-%D8%A7%D9%84%D8%AB%D9%82%D8%A7%D9%81%D9%8A/%D9%85%D8%B1%D9%83%D8%B2-%D8%A3%D9%88%D8%BA%D8%A7%D8%B1%D9%8A%D8%AA-%D8%A7%D9%84%D9%81%D9%84%D8%B3%D8%B7%D9%8A%D9%86%D9%8A--%D9%8A%D9%82%D8%AF%D9%85-%D8%B3%D9%84%D8%B3%D9%84%D8%A9-%D8%A7%D8%B5%D8%AF%D8%A7%D8%B1%D8%A7%D8%AA-%D8%AC%D8%AF%D9%8A%D8%AF%D8%A9	
	مركز البستان للاعلام والدراسات الثقافية			Ramallah		Palestine															
	مركز البيرة لتنمية الطفل			Al-Bira		Palestine	بلدية البيرة			https://www.facebook.com/AlBirehMunicipality/posts/1839093286151208/											
	مركز بيت المقدس للادب			Jerusalem		Palestine															
	مركز جاليليو الثقافي			Jerusalem		Palestine	شارع الجامعة, مقابل سوبرماركت جينيفا, عمارة عبد الوهاب الشيخ			https://www.facebook.com/pages/category/Product-Service/%D9%85%D8%B1%D9%83%D8%B2-%D8%AC%D8%A7%D9%84%D9%8A%D9%84%D9%8A%D9%88-%D8%A7%D9%84%D8%AB%D9%82%D8%A7%D9%81%D9%8A-232809920925666/										Need to check that this address is in Jerusalem, or another centre elsewhere with the same name.	
	مكتبة دار الفكر والطفل					Palestine															
CARE	مركز الدراسات والتطبيقات التربوية			Jerusalem		Palestine															
CARE	مركز الدراسات والتطبيقات التربوية	1997		Ramallah		Palestine	ش. القدس, الميدان, رام الله والبيرة	00 970 2954021 								عبد الله, غسان		https://yellowpages.com.ps/companies/28814-%D9%85%D8%B1%D9%83%D8%B2-%D8%A7%D9%84%D8%AF%D8%B1%D8%A7%D8%B3%D8%A7%D8%AA-%D9%88%D8%A7%D9%84%D8%AA%D8%B7%D8%A8%D9%8A%D9%82%D8%A7%D8%AA-%D8%A7%D9%84%D8%AA%D8%B1%D8%A8%D9%88%D9%8A%D8%A9	http://info.wafa.ps/ar_page.aspx?id=9384	WAFA source lists data the permit was issued and to whom. May not be founder & year that the publisher started	
	مركز الزهراء للدراسات والأبحاث			Jerusalem		Palestine															
	مركز السراج للثقافة والفنون والمسرح			Jerusalem		Palestine										عقل, عبد اللطيف					
	مركز سعادة للطباعة والكمبيوتر			Tulkarm		Palestine															
	مركز سنابل للدراسات والتراث الشعبي	1996		Sair		Palestine		00 972 599206664													
	مركز الشهيد أبو جهاد لشؤون الحركة الاسيرة			Ramallah		Palestine				https://www.facebook.com/pages/category/Organization/%D9%85%D8%B1%D9%83%D8%B2-%D8%A7%D8%A8%D9%88-%D8%AC%D9%87%D8%A7%D8%AF-%D9%84%D8%B4%D8%A4%D9%88%D9%86-%D8%A7%D9%84%D8%AD%D8%B1%D9%83%D8%A9-%D8%A7%D9%84%D8%A7%D8%B3%D9%8A%D8%B1%D8%A9-%D8%AC%D8%A7%D9%85%D8%B9%D8%A9-%D8%A7%D9%84%D9%82%D8%AF%D8%B3-374912045945668/									https://pulpit.alwatanvoice.com/content/print/211002.html	Link sets out aims of community group, including its publishing objectives	
	المركز الفلسطيني للدراسات الاسرائلية			Ramallah		Palestine	المصيون، رام الله، فلسطين	00 970 2  2966201	info@madarcenter.org	https://www.madarcenter.org/											
	المركز الفلسطيني للنشر والتوزيع	1999		Ramallah		Palestine		00 970 2961889													
	مركز اللقاء	1982		Bethlehem		Palestine	 54-56 Al-Quds Jerusalem Street, Bethlehem	00 972 972 22742321	al-liqa@p-ol.com	http://www.al-liqacenter.org.ps/arb/archive/2018/Beth15August/?display=album											
	مركز المشرق للدراسات			Ramallah		Palestine	ط. 1,ع. الرموني,ش. المعاهد, دوار الساعة, وسط البلد, رام الله والبيرة	00 970 22987006										https://yellowpages.com.ps/companies/6941-%D9%85%D8%B1%D9%83%D8%B2-%D8%A7%D9%84%D9%85%D8%B4%D8%B1%D9%82-%D9%84%D9%84%D8%AF%D8%B1%D8%A7%D8%B3%D8%A7%D8%AA			
	مركز الوطن للثقافة والإعلام			Hebron		Palestine	مقابل البلدية, عين سارا, الخليل	00 970 9927987								الهشلمونة, نايف		https://kstna.com/business/al-wattan-center-for-culture-science-media	http://info.wafa.ps/ar_page.aspx?id=9384	WAFA source lists data the permit was issued and to whom. May not be founder & year that the publisher started	
	المسرح الحديث			Nazareth		Palestine												https://www.facebook.com/TheArchiveOfNazareth/photos/a.359117080804580/369790089737279/?type=3&comment_id=537728539610099&comment_tracking=%7B%22tn%22%3A%22R%22%7D			
	المسرح الوطني الفلسطيني	1984		Jerusalem		Palestine	Abu Obaida Street 04, Jerusalem		info@pnt-pal.org	https://www.facebook.com/AlmsrhAlwtnyAlflstynyAlhkwaty/											
	مع الناس			Jerusalem		Palestine															
	معهد الفنون الجميلة			Ramallah		Palestine				https://www.facebook.com/pages/%D9%85%D8%B9%D9%87%D8%AF-%D8%A7%D9%84%D9%81%D9%86%D9%88%D9%86-%D8%A7%D9%84%D8%AC%D9%85%D9%8A%D9%84%D8%A9-%D8%B1%D8%A7%D9%85-%D8%A7%D9%84%D9%84%D9%87-LInstitut-des-Beaux-Arts-Ramallah/377044525695686											
	المعهد المسكوني للدراسات اللاهوتية ـ الطنطور	1972		Jerusalem		Palestine													https://www.lpj.org/ar/posts/%D9%85%D8%B9%D9%87%D8%AF-%D8%A7%D9%84%D8%B7%D9%86%D8%B7%D9%88%D8%B1-%D8%A7%D9%84%D9%85%D8%B3%D9%83%D9%88%D9%86%D9%8A-%D9%84%D9%84%D8%AF%D8%B1%D8%A7%D8%B3%D8%A7%D8%AA-%D8%A7%D9%84%D9%84%D8%A7%D9%87-5e47362c3f0fe.html	Non-denominational Christian organisation	
	مطابع الأيام			Ramallah		Palestine	ش. الايام,قرب قصر الثقافة, المنطقة الصناعية, رام الله والبيرة	00 970 2 2987341										https://yellowpages.com.ps/companies/2606-%D8%AC%D8%B1%D9%8A%D8%AF%D8%A9-%D9%88%D9%85%D8%B7%D8%A7%D8%A8%D8%B9-%D8%A7%D9%84%D8%A7%D9%8A%D8%A7%D9%85			
	مطابع القدس العربية			Jerusalem		Palestine															
	المطبعة الجمالية					Palestine															
	المطبعة المركزية			Ramallah		Palestine															
	المطبعة العربية الحديثة			Jerusalem		Palestine															
	مطبعة ادم			Ramallah		Palestine															
	مطبعة الاتحاد التعاونية			Haifa		Israel															
	مطبعة البطوف			Kafr Manda		Israel															
	مطبعة بيت المقدس			Jerusalem		Palestine															
	مطبعة دار المشرق			Haifa		Israel															
	مطبعة دار المشرق للترجمة والطباعة والنشر			Shafa Amr		Israel															
	مطبعة دير دبوان	1996		Ramallah		Palestine		00 970 2956181								حجازي, سعد الدين			http://info.wafa.ps/ar_page.aspx?id=9384	WAFA source lists data the permit was issued and to whom. May not be founder & year that the publisher started	
	مطبعة الحسن للطباعة والنشر			Beitunya		Palestine															
	مطبعة سما			Mi'ilya		Israel															
	مطبعة الشعراوية			Tulkarm		Palestine															
	مطبعة العرب			Jerusalem		Palestine															
	المطبع العصرية			Jerusalem		Palestine															
	مطبعة الحقيقة			Kafr Yasif		Israel															
	مطبعة الكرمة			Haifa		Palestine															
	مطبعة كفر قاسم			Kafr Qasim		Israel															
	المطبعة فينوس			Nazareth		Palestine															
	مطبعة مسودي			Jerusalem		Palestine															
	مطبعة المنار الحديثة			Jerusalem		Israel															
	مطبعة النصرـ حجاوي			Nablus		Palestine															
	مطبعة النهضة			Nazareth		Palestine															
	مكتبة بلدية نابلس العامة	1960		Nablus		Palestine	نابلس، شارع الشويترة	00 972 92374690		http://nablus.org/index.php/ar/centers/library-ar											
	ألمكتبة الاكاديمية			Hebron		Palestine	Al-Haras,Hebron,West Bank,Palestine.	00 972 2 2221878	Info@academic.ps	http://www.academic.ps/									https://www.facebook.com/%D8%B4%D8%B1%D9%83%D8%A9-%D8%A7%D9%84%D9%85%D9%83%D8%AA%D8%A8%D8%A9-%D8%A7%D9%84%D8%A3%D9%83%D8%A7%D8%AF%D9%8A%D9%85%D9%8A%D8%A9-188746044507193/	Main publishing branch in Hebron. Also a book store in universities of Bir Zeit, Abu Dis and Nablus	
	ألمكتبة الاكاديمية			Bir Zeit		Palestine	Ramallah:Birzeit University Bookstore.	00 970 2 2982983	bzubookstore@academic.ps	http://www.academic.ps/									https://www.facebook.com/%D8%B4%D8%B1%D9%83%D8%A9-%D8%A7%D9%84%D9%85%D9%83%D8%AA%D8%A8%D8%A9-%D8%A7%D9%84%D8%A3%D9%83%D8%A7%D8%AF%D9%8A%D9%85%D9%8A%D8%A9-188746044507193/	Main publishing branch in Hebron. Also a book store in universities of Bir Zeit, Abu Dis and Nablus	
	ألمكتبة الاكاديمية			Abu Dis		Palestine	Opposite Al-Quds University, Abu Dis	00 970 2 2792422	qubookstore@academic.ps	http://www.academic.ps/									https://www.facebook.com/%D8%B4%D8%B1%D9%83%D8%A9-%D8%A7%D9%84%D9%85%D9%83%D8%AA%D8%A8%D8%A9-%D8%A7%D9%84%D8%A3%D9%83%D8%A7%D8%AF%D9%8A%D9%85%D9%8A%D8%A9-188746044507193/	Main publishing branch in Hebron. Also a book store in universities of Bir Zeit, Abu Dis and Nablus	
	ألمكتبة الاكاديمية			Nablus		Palestine	An Najah University Bookstore	00 970 9 2352491	anubookstore@academic.ps	http://www.academic.ps/									https://www.facebook.com/%D8%B4%D8%B1%D9%83%D8%A9-%D8%A7%D9%84%D9%85%D9%83%D8%AA%D8%A8%D8%A9-%D8%A7%D9%84%D8%A3%D9%83%D8%A7%D8%AF%D9%8A%D9%85%D9%8A%D8%A9-188746044507193/	Main publishing branch in Hebron. Also a book store in universities of Bir Zeit, Abu Dis and Nablus	
	المكتبة الشعبية			Nablus		Palestine															
	مكتبة الشروق الثقافية			Gaza		Palestine	غزة - الرمال - مقابل مجمع الوزارات	00 970 9202595599	adlinazzal@yahoo.com	https://www.facebook.com/alshorokbookshop/								https://www.haydarya.com/?id=37			
	منشورات مكتبة الشعب			Shafa Amr		Israel															
The Educational Bookshop	المكتبة العلمية	1984		Jerusalem		Palestine	القدس, شارع صلاح الدين			http://www.educationalbookshop.com/											
	مكتبة الأقصى	1997		Khan Yunis		Palestine		00 972 59-960-0365		https://www.facebook.com/AqsaBookShop/						عبد النجار,عايش			http://info.wafa.ps/ar_page.aspx?id=9384	WAFA source lists data the permit was issued and to whom. May not be founder & year that the publisher started	
Al-Andulus Library	مكتبة الاندلس بالقدس			Jerusalem		Palestine	Dabbagha Street									يوسف, فوزي		Country of location listed as Jordan in 1961			
	مكتبة بلدية رام الله العامة			Ramallah		Palestine		00 970 2945555		https://www.ramallah.ps/calendar/page.aspx?id=p4DyxFa1650339702ap4DyxF											
	مكتبة دار الاعلام للنشر والتوزيع			Nablus		Palestine		00 970 92387512		https://www.facebook.com/dar.al.aalam.nablus/											
	مكتبة دار الوطن للنشر والتوزيع			Tulkarm		Palestine		00 970 597 248004		https://www.facebook.com/pg/%D9%85%D9%83%D8%AA%D8%A8%D8%A9-%D8%AF%D8%A7%D8%B1-%D9%88%D8%B7%D9%86-%D9%84%D9%84%D9%86%D8%B4%D8%B1-%D9%88%D8%A7%D9%84%D8%AA%D9%88%D8%B2%D9%8A%D8%B9-%D8%B7%D9%88%D9%84%D9%83%D8%B1%D9%85-296852737150889/posts/											
	مكتبة دنيا الطلبة			Gaza		Palestine															
	مكتبة دنديس للنشر والتوزيع			Hebron		Palestine	فلسطين - الخليل - شارع وادي التفاح 	00 970 970 2 2299993		http://www.lailnhar.com/content/%D9%85%D9%83%D8%AA%D8%A8%D8%A9-%D8%AF%D9%86%D8%AF%D9%8A%D8%B3-%D8%A7%D9%84%D8%B9%D9%84%D9%85%D9%8A%D8%A9-%D8%AF%D8%A7%D8%B1-%D8%A7%D9%84%D9%88%D9%84%D9%8A%D8%AF-%D9%84%D9%84%D9%86%D8%B4%D8%B1-%D9%88%D8%A7%D9%84%D8%AA%D9%88%D8%B2%D9%8A%D8%B9									http://www.lailnhar.com/content/%D9%85%D9%83%D8%AA%D8%A8%D8%A9-%D8%AF%D9%86%D8%AF%D9%8A%D8%B3-%D8%A7%D9%84%D8%B9%D9%84%D9%85%D9%8A%D8%A9-%D8%AF%D8%A7%D8%B1-%D8%A7%D9%84%D9%88%D9%84%D9%8A%D8%AF-%D9%84%D9%84%D9%86%D8%B4%D8%B1-%D9%88%D8%A7%D9%84%D8%AA%D9%88%D8%B2%D9%8A%D8%B9	Connected to دار الوليد	
	مكتبة خالد بن الوليد			Nablus		Palestine															
	مكتبة سمير منصور			Gaza		Palestine	Gaza City 5, Gaza, Palestine	00 970 599 732 212	samirmansour@live.com	https://www.facebook.com/samirmansourbookshop/											
	مكتبة الشعب			Shafa Amr		Israel															
	مكتب الشؤون الفكرية والدراسات			Ramallah		Palestine															
	مكتبة الزيتون			Nablus		Palestine															
	مكتبة الكمال	1958		Nablus		Palestine	نابلس, شارع فلسطين, مقابل وزارة التربية والتعليم قديم	00 972 59-885-0950	alkamal_bookshop@hotmail.com	https://www.facebook.com/alkamal.bookshop/											
	مكتبة كل شيء			Haifa		Israel	Kebots Galoyoy 140, Haifa 31002	00 972 54 7700089	info@kul-shee.com	https://www.facebook.com/KulSheeHaifa/											
	مكتبة المحتسب			Jerusalem		Palestine													http://www.palestineinarabic.com/photo_persons_sk.html		
	مكتبة النجاح	1996		Nablus		Palestine		00 970 02377153								عليوي,  ناجح			http://info.wafa.ps/ar_page.aspx?id=9384	WAFA source lists data the permit was issued and to whom. May not be founder & year that the publisher started	
	مكتب اليسار			Jatt al-Muthalath		Israel															
	مكتبة اليازجي	1986		Gaza		Palestine	 غزة - شارع الوحدة 	00 970 599222466	bookshop@palnet.com	https://www.facebook.com/yazjibs/						  اليازجي, ابراهيم		https://www.haydarya.com/?id=37		Specialises in children's literature.	
	مكتبة ومطبعة أبو رحمون			Acre		Israel		00 972 49916278										The first editor is referred to only as Ahmed. Previously  connected to Edward Said and family	This bookshop specialised in books by Palestinian writers, local and internationally based.		
	ملتقى بلاطة الثقافي	1991		Nablus		Palestine	نابلس ـ بلاطة البلاد	00 970 598 938 315		https://www.facebook.com/pages/category/Community/%D9%85%D9%84%D8%AA%D9%82%D9%89-%D8%A8%D9%84%D8%A7%D8%B7%D8%A9-%D8%A7%D9%84%D8%AB%D9%82%D8%A7%D9%81%D9%8A-119287908136896/											
	المنتدى التنويري الثقافي	2010		Nablus		Palestine				https://www.facebook.com/groups/117613914927297/											
	منشورات الرواد			Jerusalem		Palestine															
	منشورات صلاح الدين			Jerusalem		Palestine															
	منشورات الاتحاد العام للكتاب والادباء الفلسطينين			Ramallah		Palestine						الاتحاد العام للكتاب والادباء الفلسطينين									
	منشورات الكرمل			Haifa		Israel															
	مهرجان الأقصى الادبي	1996	2015	Umm Al-Fahm		Palestine					الحركة الإسلامية										
	مواطن المؤسسة الفلسطينية لدراسة الديموقراطية			Ramallah		Palestine				http://muwatin.noursoft.net/											
	المؤسسة الفلسطينية للارشاد القومي			Ramallah		Palestine															
	المؤسسة الفلسطينية للنشر	2000		Ramallah		Palestine	رام الله | شارع ركب | عمارة النتشة | الطابق الخامس	00 970 2973604		https://www.facebook.com/books.pal/						جبرين, موسى			http://info.wafa.ps/ar_page.aspx?id=9384	WAFA source lists data the permit was issued and to whom. May not be founder & year that the publisher started	
	مؤسسة الاسوار الثقافية			Acre		Israel				https://www.facebook.com/620373377997959/posts/2081265305242085/						حجازي, يعقوب					
	مؤسسة الأيام للصحافة والطباعة والنشر والتوزيع	1995		Ramallah		Palestine		00 970 0-2987341	print@al-ayyam.ps	https://www.al-ayyam.ps/						هنية, اكرم	الضامن, غسان	http://info.wafa.ps/ar_page.aspx?id=5123			
	مؤسسة الانوار			Acre		Israel															
	مؤسسة تامر للتعليم المجتمعي			Ramallah		Palestine	رام الله – شارع النزهة، مقابل مكتبة بلدية رام الله	00 970 2 02298612	tamer@palnet.com	https://www.tamerinst.org/ar/											
	مؤسسة تامر للتعليم المجتمعي			Gaza		Palestine	غزة – شارع سعد بن العاص – بجوار مدرسة العائلة المقدسة	00 970 2843799	tamergaza@tamerinst.org	https://www.tamerinst.org/ar/										Publisher of Tayf magazine	
	مؤسسة التعاون	1983		Ramallah		Palestine	رام الله، المصيون، عمارة باديكو هاوس، الطابق السادس ص.ب 658، رام الله	00 970 2 241-5130	info@taawon.org	https://www.taawon.org/											
	مؤسسة الجمعية العلمة الفلسطينية			Nablus		Palestine															
	مؤسسة الحق	1979		Ramallah		Palestine	54 الشارع الرئيسي، الطابق الثاني، قاعة البروتستانت - رام الله، فلسطين	00 970 2 295 46 46	info@alhaq.org	http://www.alhaq.org/ar						زريق, قسطنطين				Publications relate to Palestinian detainees and rights	
	مؤسسة الدراسات الفلسطينية			Ramallah		Palestine	رام الله, 19 شارع إميل حبيبي - الماصيون	00 970 2 2989108	ipsquds@palestine-studies.org	https://www.palestine-studies.org/ar/library/about											
	مؤسسة الدراسات المقدسية			Jerusalem		Palestine	جامعة القدس -  4باب الملك فيصل، البلدة القديمة 	00 972 2 6287517		https://jerusalem-studies.alquds.edu/ar											
	مؤسسة رؤى للنشر والتوزيع	2004		Sair		Palestine	شارع راس العروض	00 970 59769577								جرادات, نافز		https://kstna.com/business/roah-est-for-publishing-distribution	http://info.wafa.ps/ar_page.aspx?id=9384	WAFA source lists data the permit was issued and to whom. May not be founder & year that the publisher started	
	مؤسسة عبد المحسن القطان			Ramallah		Palestine	الطيرة - رام الله، فلسطين, 27 شارع جمعية النهضة النسائية	00 970 22960544		http://qattanfoundation.org/ar											
	مؤسسة عدوان للطباعة	1996		Gaza		Palestine	الطيرة - رام الله، فلسطين	00 970 863463								عدوان, مجدي			http://info.wafa.ps/ar_page.aspx?id=9384	WAFA source lists data the permit was issued and to whom. May not be founder & year that the publisher started	
	مؤسسة العنقاء			Ramallah		Palestine		00 970 2953512								حبش, زينب			http://info.wafa.ps/ar_page.aspx?id=9384	WAFA source lists data the permit was issued and to whom. May not be founder & year that the publisher started	
	مؤسسة العنقاء للتجديد والابداع			Ramallah		Palestine	شارع الشهيد احمد حبش، مقابل وزارة التربية والتعليم	00 970 2 2953512										https://kstna.com/business/anqa-association-for-innovation-creation			
	مؤسسة الكرمل الثقافية			Ramallah		Palestine										درويش, احمد					
	مؤسسة محمود درويش للابداع	2009		Kafr Yasif		Israel			darwish.birwa@gmail.com	https://www.facebook.com/darwish.birwa/											
	مؤسسة مرؤى					Palestine															
	مؤسسة المتوكل للإبداع	2011		Ramallah		Palestine		00 970 0599448822								طه, المتوكل			http://info.wafa.ps/ar_page.aspx?id=9384	WAFA source lists data the permit was issued and to whom. May not be founder & year that the publisher started	
	مؤسسة الناشر للدعاية والاعلان	1990		Al-Bira		Palestine	ص.ب. 3734 البيرة	00 970 2 2961911		https://www.enasher.com/ar/dar-al-nasher											
	مؤسسة اليرموك للثقافة والاعلام			Ramallah		Palestine												http://www.ramallah.noursoft.com/catalog/searchresult1.aspx?MotherForm=Author&Content=%D8%A7%D8%A8%D8%B1%D8%A7%D9%87%D9%8A%D9%85%D8%8C%20%D8%AF%D8%A7%D9%88%D8%AF&AuthorityID=27836&AuthorityName=%D8%A7%D8%A8%D8%B1%D8%A7%D9%87%D9%8A%D9%85%D8%8C%20%D8%AF%D8%A7%D9%88%D8%AF&LibID=			
	مؤسسة الوعي للنشر	2003		Al-Ram		Palestine	ط. 1,ع. القصراوي,ش. المحافظه,بالقرب من المحافظه, الرام,	00 970 059398267								جبرين, عامر		https://yellowpages.com.ps/companies/29213-%D9%85%D8%A4%D8%B3%D8%B3%D8%A9-%D8%A7%D9%84%D9%88%D8%B9%D9%8A-%D9%84%D9%84%D9%86%D8%B4%D8%B1-%D9%88%D8%A7%D9%84%D8%AA%D9%88%D8%B2%D9%8A%D8%B9	http://info.wafa.ps/ar_page.aspx?id=9384	WAFA source lists data the permit was issued and to whom. May not be founder & year that the publisher started	
	ناديا للطباعة والنشر والتوزيع	1997		Ramallah		Palestine	ع. دير اللاتين,ش. الرئيسي,فوق مكتبة الحصري, البلدة القديمة, رام الله والبيرة	00 970  02960919										https://yellowpages.com.ps/companies/29170-%D9%85%D8%A4%D8%B3%D8%B3%D8%A9-%D9%86%D8%A7%D8%AF%D9%8A%D8%A7-%D9%84%D9%84%D8%B7%D8%A8%D8%A7%D8%B9%D8%A9-%D9%88%D8%A7%D9%84%D9%86%D8%B4%D8%B1-%D9%88%D8%A7%D9%84%D8%AF%D8%B9%D8%A7%D9%8A%D8%A9-%D9%88%D8%A7%D9%84%D8%A7%D8%B9%D9%84%D8%A7%D9%86			
	الوراق (منيف)	2000		Ramallah		Palestine		00 970 2403101								قطامش, أحمد			http://info.wafa.ps/ar_page.aspx?id=9384	WAFA source lists data the permit was issued and to whom. May not be founder & year that the publisher started	
	وزارة الثفافة	1994		Al-Bira		Palestine										الجعبة, محمد			http://info.wafa.ps/ar_page.aspx?id=9384	WAFA source lists data the permit was issued and to whom. May not be founder & year that the publisher started	
	وزارة شؤون الاسرى والمحررين	1998		Al-Bira		Palestine	عمارة ابراج الزهراء –البالوع -البيرة	00 970 02-2411318		http://cda.gov.ps/index.php/ar/ar-callus										Branches in other towns of Palestine	
	وزارة المعارف والثقافة دائرة الثقافة العربية			Nazareth		Palestine															
	الوكالة الفلسطينية			Jerusalem		Palestine															
	وكالة أبو عرفة للصحافة والنشر			Jerusalem		Palestine												https://www.nli.org.il/en/books/NNL_ALEPH990000195620205171/NLI			
	وكالة التوزيع والإعلان الفلسطينية	1996		Nablus		Palestine		00 970 504441											http://info.wafa.ps/ar_page.aspx?id=9384	WAFA source lists data the permit was issued and to whom. May not be founder & year that the publisher started	
	وكالة الشرق الأوسط للتوزيع	1996		Jerusalem		Palestine	شارع صلاح الدين ١٩	00 972 6273605								راحيل, يوسف			http://info.wafa.ps/ar_page.aspx?id=9384	WAFA source lists data the permit was issued and to whom. May not be founder & year that the publisher started	
UNRWRA	وكالة الغوث الدولية - دائرة التربية والتعليم			Jerusalem		Palestine															
	ياغي	1996		Gaza		Palestine										ياغي,  صبحي			http://info.wafa.ps/ar_page.aspx?id=9384	WAFA source lists data the permit was issued and to whom. May not be founder & year that the publisher started	
	الجديد	1953		Haifa		Palestine												Furani. 2020. page 46			Al-Jadid first appeared in October 1951 as a monthly literary supplement to al-Ittihad (Union), the Arabic newspaper of the Communist Party. In 1953 al-Jadid was licensed as a separate periodical.
	اتحاد الكتاب العرب			Damascus		Syria															
	ادب المقاومة			Beirut		Lebanon															
	الاتحاد العام للكتاب والصحافيين الفلسطينيين			Beirut		Lebanon															
	الان ناشرون وموزعون			Amman		Jordan															
	الاهلية للنشر والتوزيع			Amman		Jordan															
	جامعة الدول العربية معهد الدحوث والدراسات العربية			Cairo		Egypt															
	الجديد	1953		Haifa		Palestine												Furani. 2020. page 46			Al-Jadid first appeared in October 1951 as a monthly literary supplement to al-Ittihad (Union), the Arabic newspaper of the Communist Party. In 1953 al-Jadid was licensed as a separate periodical.
	جامعة القدس المفقوحة			Amman		Jordan															
	الدار الاردنية للثقأفة والاعلام			Amman		Jordan															
	الدار العربية للعلوم ناشرون			Beirut		Lebanon															
	دار الاداب للنشر والتوزيع			Beirut		Lebanon															
	دار الافاق			Beirut		Lebanon															
	دار ٣٠ أيار			Nazareth		Palestine															
	دار ابن رشد			Beirut		Lebanon															
	دار الأجيال			Damascus		Syria															
	دار الاسراء للنشر والتوزيع			Amman		Jordan															
	دار الأفق الجديد			Amman		Jordan															
	دار الانوار			Damascus		Syria															
	دار البداية ناشرون وموزعون			Amman		Palestine															
	دار البلاد			Jeddah		Saudi Arabia															
	دار التعاون			Amman		Jordan															
	دار الجاحظ			Amman		Jordan															
	دار الجليل			Damascus		Syria															
	دار الجليل للنشر والدراسات والابحاث			Amman		Jordan															
	دار الحداثة			Beirut		Lebanon															
	دار الحرية للطباعة			Baghdad		Iraq															
	دار الحقائق			Beirut		Lebanon															
	دار الحياة			Damascus		Syria															
	رياض الريس الكتب والنشر			Beirut		Lebanon															
	دار سعاد الصباح			Safat		Kuwait															
	دار الشروق للنشر والتوزيع			Amman		Jordan															
	دار الشرق الجديد			Beirut		Lebanon															
	دار الشهداء			Cairo		Egypt															
	دار الشؤون الثقافية العامة			Baghdad		Iraq															
	دار طبريا			Amman		Jordan															
	دار الطلاس			Damascus		Syria															
	دار العشير			Amman		Jordan															
	عالم الكتب للطباعة والنشر والتوزيع			Beirut		Lebanon															
	دار العلم للملايين			Beirut		Lebanon															
	دار عمار للنشر			Amman		Jordan															
	دار العودة			Beirut		Lebanon															
	دار غراب للنشر والتوزيع			Cairo		Egypt															
	دار الغارس			Amman		Jordan															
	دار الفارابي			Beirut		Lebanon															
	دار الفاروق للنشر والتوزيع			Amman		Jordan															
	 دار فضاءات للنشر والتوزيع			Amman		Jordan															
	دار الفكر			Amman		Jordan															
	دار فلسطين			Damascus		Syria															
	دار القدس			Beirut		Lebanon															
	دار القومية العربية			Cairo		Egypt															
	دار الكاتب			Beirut		Lebanon															
	دار الكاتب العربي			Cairo		Egypt															
	دار الكتب العربية			Jerusalem		Palestine															
	دار الكرمل  للنشر والتوزيع			Amman		Jordan															
	دار كلمات للنشر والتوزيع					Kuwait															
	دار الكندي			Amman		Jordan															
	دار المامون للنشر والتوزيع			Amman		Jordan															
	دار مجدلاوى للنشر والتوزيع			Amman		Jordan															
	دار المعارف			Damascus		Syria															
	دارالمعارف			Cairo		Egypt															
	دار مكتبة الحياة للطباعة والنشر			Beirut		Lebanon															
	دار المنصور			Amman		Jordan															
	دار مؤسسة فلسطين للثقافة			Damascus		Syria															
	دار النمر			Beirut		Lebanon															
	دار النمير			Damascus		Syria															
	دار النهار			Beirut		Lebanon															
	دارالنهضة			Nazareth		Palestine															
	دار الهلال			Cairo		Egypt															
	دائرة المطبوعات والنشر			Amman		Jordan															
	رابطة الكتاب الأردنيين			Amman		Jordan															
	روائع مجدلاوي			Amman		Jordan															
	عالم الكتب للطباعة والنشر والتوزيع			Cairo		Egypt															
	فلسطين الثورة			Beirut		Lebanon															
	المجمع الثقافي			Abu Dhabi		United Arab Emirates															
	مجمع اللغة العربية			Cairo		Egypt															
	مركز الابحاث منظمة التحرير الفلسطينية			Nicosia		Cyprus															
	مركز الاعلام العربى			Cairo		Egypt															
	مطابع الصيفي			Amman		Jordan															
	مطابع الفنار			Amman		Jordan															
	المطبعة العمومية			Damascus		Syria															
	مطبعة الاعتصام			Cairo		Egypt															
	مطبعة الأمان			Amman		Jordan															
	مطبعة التوفيق			Amman		Jordan															
	المطبعة دار احياء الكتب العربية			Cairo		Egypt															
	مطبعة الخليج العربى			Tetouan 		Morocco															
	مطبعة الشورى			Cairo		Egypt															
	مطبعة الصباح			Damascus		Syria															
	مطبعة عين الرومانة			Beirut		Lebanon															
	مطبعة العودة			Amman		Jordan															
	مكتب البرج			Acre		Israel															
	مكتبة الاغلو المصرية			Cairo		Egypt															
	مكتبة بيسان			Beirut		Lebanon															
	مكتبة جزيرة الورد			Cairo		Egypt															
	مكتبة الطليعة العلمية			Amman		Jordan															
	مكتبة لبنان			Beirut		Lebanon															
	منتدى فلسطين			Beirut		Lebanon															
	منشورات اتحاد الكتاب العرب			Damascus		Syria															
	منشورات الثقافة التقدمية			Nazareth		Palestine															
	منشورات الصمود العربي			Nicosia		Cyprus															
	منشورات المجلس القومي للثقافة العربية			Rabat		Morocco															
	مؤسسة البلاد للصحافة والنشر			Jerusalem		Palestine															
	مؤسسة البيادر			Jerusalem		Palestine															
	مؤسسة الثقافة الفلسطينية			Acre		Israel															
	مؤسسة الدراسات الفلسطينية			Beirut		Lebanon															
	المؤسسة العربية للدراسات والنشر			Beirut		Lebanon															
	مؤسسة التشرين			Damascus		Syria															
	مؤسسة نوفل			Beirut		Lebanon															
	النادي الادبى			Riyadh		Saudi Arabia															
	لهيئة العصرية العامة للكتاب			Cairo		Egypt															
	وزارة الثفافة			Amman		Jordan															
	وزارة الثفافة والإرشاد			Baghdad		Iraq															
	وزارة الثفافة والإرشاد القومي			Damascus		Syria															
	الوكالة العربية			Azzarqa		Jordan															
Colombia University				New York		United States															