Identifiers: at least one of these fields is mandatory. @en is not mandatory! If the @ar  is available use this across tables. Include (YYYY-YYYY) for omonyms						Current or  last known	Either a prior one  or dual citizenship	year (YYYY) or date (DD/MM/YYYY) are in alternative Fill the district only if Palestine					year (YYYY) or date (DD/MM/YYYY) are in alternative Fill the district only if Palestine.								Relation to table Literary events 		Relatives  (only people recorded in a row)		use the separator ; for multiple values  (please copy & paste to avoid typos)			include acquaintances		free-text (public)	free-text: sources  and links (public)	free-text: sources and links (private)	any other note (private)
VIAF	Name @en	Name @ar	Pen names	Gender	Religion	Country of citiz. 	Country of citiz. (2)	Birth  date	Birth year	Birth city	Birth district	Birth country	Death  date	Death year	Death city	Death district	Death country	Manner of death	Cause of death	Literary  movement	Literary event	Relation  to event	Mother	Father	Siblings	Spouses	Children	Friends	Influenced by person	Biography	Sources public	Sources private	Other notes
		أبو بكر, وليد		Male		Palestine						Palestine																					
		أبو حسن, عزمي		Male		Palestine																											
		أبو حلتم, محمد		Male		Palestine																											
		أبو دية, حسن		Male		Palestine																											
		أبو الرب, عمر		Male		Palestine																											
		أبو شومر, توفيق		Male		Palestine																											
		أبو صبح, موفق		Male		Palestine																											
		أبو غربية, داود		Male		Palestine																											
		ابو غوش, عدنان		Male		Palestine																											
		البيشاوي, سعيد		Male																													
		التالوتي, عبد المالك		Male																													
		الجعبة, محمد		Male																													
		جندي, سمير		Male																													
		جودة, أكرم		Male																													
		الجيوسي, محمد		Male																													
		الحاج, فخري		Male																													
		الدلو, جواد		Male																													
		دنديس, وائل		Male																													
		دويدار, عبد الله		Male																													
		الدويك, وائل		Male																													
		راحيل, يوسف		Male																													
		الرفاعي, هبة		Female																													
		عقل, عبد اللطيف		Male																													
		علقم, جميلة		Female																													
		علوش, موسى		Male																													
		علي, أحمد		Male																													
		علي, صبحي محمد  		Male																													
		مرعي, سامي		Male		Israel	Palestine		1940	Al-Kabri	Acre	Palestine		1986	Haifa		Israel				L3024	participated in									https://diwanalarab.com/%D8%A7%D9%84%D9%81%D9%84%D8%B3%D8%B7%D9%8A%D9%86%D9%8A-%D8%A7%D9%84%D8%AF%D9%83%D8%AA%D9%88%D8%B1		
		مزعرو, وفاء		Female																													
2322948		أبو حنا, حنا		Male	Christianity	Israel	Palestine	16/10/1928	1928	Al-Reina	Nazareth	Palestine								Social Realism	L3000; L3001; 3002; L3003; L3004; L3005; L3010; L3011; L3012; L3013; L3014; L3015; L3016; L3017; L3019; L3020; L3021; L3022; L3023; L3024	participated in	زايد, نبيهة	أبو حنا, أمين	أبو حنا, إبراهيم؛ أبو حنا, نبيل	فرح, سامية	أبو حنا, أمية؛ أبو حنا, أمين؛ أبو حنا, رباب		أبو سلمى؛ محمود, عبد الرحيم؛ طوقان, إبراهيم؛ نصار, نجيب؛ الخوري, بشارة؛ أبو شبكة, إلياس؛ الخوري, بشارة؛ حسين, طه؛ طه, محمود علي		https://www.paljourneys.org/ar/biography/14215/%D8%AD%D9%86%D9%91%D8%A7-%D8%A3%D8%A8%D9%88-%D8%AD%D9%86%D9%91%D8%A7		سامية فرح (زوجة حنا أبو حنا) هي أخت رفيق فرح (زوج نجوى قعوار فرح)
20992054		الحسيني, موسى, اسحق		Male		Palestine			1904	Jerusalem		Palestine	17/12/1990		Jerusalem		Palestine	Natural			L3000	organised by									Mahr al-Bumaby Hanna Abu Hanna, pp. 25, "https://www.paljourneys.org/ar/biography/14256/%D8%A5%D8%B3%D8%AD%D9%82-%D9%85%D9%88%D8%B3%D9%89-%D8%A7%D9%84%D8%AD%D8%B3%D9%8A%D9%86%D9%8A"		
2158259454502302588		بشناق, عبد الرحمن		Male		Jordan	Palestine		1913	Qisarya	Haifa	Palestine		1999																	Mahr al-Buma by Hanna Abu Hanna, pp. 28		
		علاء الدين, حسن, محمد		Male		Palestine			1917	Alexandria		Egypt	28/08/1973		Amman		Jordan				L3001	participated in									Mahr al-Buma by Hanna Abu Hanna, pp.39 ; "http://alqudslana.com/index.php?action=individual_details&id=1895", "https://archive.alsharekh.org/Articles/144/14776/332489"	https://box.fu-berlin.de/f/55572214	Poet and Playwright
		عمرو, مخلص	أبو هشام	Male		Palestine			1908	Hebron		Palestine		1961	Amman		Jordan	Natural	Liver Failure		L3003	participated in									Mahr al-Buma by Hanna Abu Hanna, pp. 60; "https://www.palestinapedia.net/%D9%85%D8%AE%D9%84%D8%B5-%D8%B9%D9%85%D8%B1%D9%88-1908-1961/"		Never published a book, only articles
63208318		قعوار فرح, نجوى		Female	Christianity	Palestine		30/04/1923	1923	Nazareth		Palestine	01/08/2015		Toronto		Canada	Natural			L3004	organised by			شهيد, عرفان	فرح, رفيق					https://www.legacy.com/obituaries/washingtonpost/obituary.aspx?n=najwa-kawar-farah&pid=175560982		
		خميس, صليبا		Male		Israel	Palestine	20/10/1922	1922	Nablus		Palestine	31/08/1994		Geneva		Switzerland				L3004; L3005; L3012; L3019	participated in				مير خميس, آرنه	خميس, سبارتكوس؛ مير خميس, جوليانو؛ خميس, عبير	أبو حنا, حنا؛ توما, اميل؛ حبيبي, اميل؛ خاص, محمد؛ نقولا, جبرا؛ حبيبي, اميل			Mahr al-Buma by Hanna Abu Hanna, pp. 95		
11170396		محمود, عبد الرحيم		Male		Palestine			1913	Anabta	Tulkarm	Palestine	13/07/1948		Al-Shajara	Tiberias	Palestine	Homocide	Battle Injury		L3005; L3018	participated in									Mahr al-Buma by Hanna Abu Hanna, pp. 99, "https://www.paljourneys.org/ar/biography/14590/%D8%B9%D8%A8%D8%AF-%D8%A7%D9%84%D8%B1%D8%AD%D9%8A%D9%85-%D9%85%D8%AD%D9%85%D9%88%D8%AF"		
		الخضراء الجيوسي, سلمى		Female		Jordan	United States	16/04/1925	1925	Al-Salt		Jordan								Modernism	L1000; L1001	participated in	سليم, يوسف, آنسة	الخضراء, سعيد, صبحي	الخضراء, فيصل	الجيوسي, كمال, برهان	أسامة؛ لينا؛ ماي		السياب, شاكر, بدر	Salma Khadra Jayyusi was born on 16 April 1925 in the Jordanian city of al-Salt to a Palestinian father and a Lebanese mother. She studied Arabic and English literature at the American University of Beirut. In her early family life with her spouse Burhan Kamal al-Jayyusi, a diplomate, she moved between many places such as Jerusalem, Rome, Madrid, Baghdad and London with their three children Usama, Lina and May. Jayyusi published her first and only collection of poetry, Returning from the Dreamy Fountain in 1960. In 1970, she was awarded her Ph.D. from the School of Oriental and African Studies at the University of London. Her dissertation, entitled Trends and Movements in Modern Arabic Poetry was published in 1977. Afterwards, she pursued teaching at several universities throughout Sudan, Algeria and the United States. Her two main long-term research projects were the Project of Translation from Arabic (PROTA) from 1980 onwards and East-West-Nexus from 1990 onwards. From both projects resulted numerous edited anthologies of Arabic literature in English translation.			
		إبراهيم, حنا		Male		Palestine		11/01/1927	1927		Galilee	Palestine									L3019	participated in											Founded Dar Al-Aswar in 1980; Head Editor of Al-Aswar journal
		إبراهيم, نوح		Male		Palestine			1913	Haifa		Palestine		1938	Tamra		Palestine	Homocide	Battle Injury														
		أبو هشهش, محمود		Male		Palestine			1971		Hebron																				Furani 2012, Chapter 8, pp. 120-121ك https://www.mc-doualiya.com/programs/hot-coffe-mcd/20180113-%D8%A7%D9%84%D9%83%D8%A7%D8%AA%D8%A8-%D8%A7%D9%84%D8%B4%D8%A7%D8%A8-%D9%85%D8%A4%D8%B3%D8%B3%D8%A9-%D8%B9%D8%A8%D8%AF%D8%A7%D9%84%D9%85%D8%AD%D8%B3%D9%86-%D8%A7%D9%84%D9%82%D8%B7%D8%A7%D9%86-2017		Grew up in Al-Fawwar Refugee Camp
		اسبر, علي	أدونيس	Male		Syria		01/01/1930	1930	Al-Qassabbin		Syria																					
		الاسطة, عادل		Male		Palestine																									Furani 2012, Bibliography list		    al-Ustta, Adel. 2001. Anta Katiban … Madha Tafʿal fi al-Intifada? Al-Ayyam (September 29), 5. 
		الأسعد, أسعد		Male		Palestine																											
		البس, فتحي		Male		Palestine																											
		بدارين, لؤي		Male		Palestine																											
		برانسي, صالح		Male		Palestine																											
		البرغوثي, عبد اللطيف		Male		Palestine																											
		بسيسو, فؤاد		Male		Palestine																											
		البرغوثي, مريد		Male		Palestine		07/08/1944	1944	Dayr Ghassana	Ramallah	Palestine														عاشور, رضوى					https://www.marefa.org/%D9%85%D8%B1%D9%8A%D8%AF_%D8%A7%D9%84%D8%A8%D8%B1%D8%BA%D9%88%D8%AB%D9%8A		
		البطراوي, محمد	أبو خالد	Male		Palestine			1929	Isdud		Palestine	13/03/2011		Ramallah		Palestine	Natural	Heart attack												Furani 2012, Chapter 10, pp162; http://info.wafa.ps/persons.aspx?id=490		Poet; one of the first founders of Al-Ittihad
		البياتي, عبد الوهاب		Male		Iraq		19/12/1926	1926	Baghdad		Iraq	03/08/1999		Damascus		Syria																
		بيدس, خليل		Male		Palestine			1874	Nazareth		Palestine		1949	Beirut		Lebanon																Prolific translation of Russian literature
		تركي, داوود		Male		Palestine			1929	Al-Maghar		Palestine	08/03/2009		Haifa		Israel	Natural	Prison-related injuries												Furani 2012, Chapter 5, p84; https://www.arab48.com/%D9%85%D8%AD%D9%84%D9%8A%D8%A7%D8%AA/%D8%A3%D8%AE%D8%A8%D8%A7%D8%B1-%D9%85%D8%AD%D9%84%D9%8A%D8%A9/2009/03/09/%D8%B1%D8%AD%D9%8A%D9%84-%D8%A7%D9%84%D8%A3%D8%B3%D9%8A%D8%B1-%D8%A7%D9%84%D9%85%D8%AD%D8%B1%D8%B1-%D8%A7%D9%84%D9%85%D9%86%D8%A7%D8%B6%D9%84-%D8%AF%D8%A7%D9%88%D9%88%D8%AF-%D8%AA%D8%B1%D9%83%D9%8A-		Wrote first poem in prison, 1974, dedicated to freedom-fighter daughter Ayeda
		توما, اميل	ابن خلدون	Male		Palestine	Israel	16/03/1919	1919	Haifa		Palestine	27/08/1985		Budapest		Hungary	Undetermined	Cancer	Social Realism	L3012; L3018	participated in									Furani 2012, Bibliography list; Bargouti 2009, 118		1965  ;Head Editor of Al-Ittihad; wrote on developments in Palestinian poetry in Israel in AL-Jadid - 1956, Issue 10, pp10-17; 1965, Issue 1, pp5-8
		جابر, محمد		Male		Palestine																											
		جبر, يحيى		Male		Palestine																											
		جبرا, إبراهيم, جبرا		Male		Palestine			1919	Bethlehem		Palestine			Baghdad		Iraq														https://www.paljourneys.org/en/biography/14223/jabra-ibrahim-jabra		
		جبرين, عامر		Male		Palestine																											
		جبرين, موسى		Male		Palestine																											
		جرادات, حسن		Male		Palestine																											
		جرادات, نافز		Male		Palestine																											
		حامد, عبد المجيد		Male		Palestine																									http://info.wafa.ps/persons.aspx?id=415		Key sha'abi poet in Mandate occupation era; Was given post-humus award in Jerusalem when it was made City of Culture in 2010,
		حبش, زينب		Female		Palestine																											
		حبيبي, اميل	جهينة	Male		Israel	Palestine	28/01/1922	1922	Haifa		Palestine	02/05/1996		Nazareth		Palestine	Natural	Cancer		L3012; L3013; L3014; L3015; L3019	participated in											
		حجازي, سعد الدين		Male		Palestine																											
		حجازي, يعقوب		Male		Palestine																											
		حداد, ميشيل		Male		Palestine			1919	Nazareth		Palestine		1997							L17	organised by											
		الحسن, إبراهيم		Male		Palestine																											
		حسين, ذبلان, حسين		Male		Palestine																											
		حسين, راشد		Male		Palestine		01/01/1937	1937	Musmus	Umm Al-Fahm	Palestine	02/02/1977		New York City		United States	Undetermined	House fire (Smoke inhalition/Burning)		L14; L3016; L3017	read poetry									Nassar 2017, Introduction, p1		
		الحسيني, عبد القادر		Male		Palestine			1908	Jerusalem		Palestine	08/08/1948		Jerusalem		Palestine	Homocide	Battle Injury												Furani 2012, Chapter 9, pp. 159		Managed Orient House, 2001
		الحسيني, محمد		Male		Palestine																											
		الحلايقة, فرج		Male		Palestine																											
		خليل, سميحة		Female		Palestine																											
		الخليلي, علي		Male		Palestine			1943	Nablus		Palestine	2/10/2013		Ramallah		Palestine	Natural													Furani 2012, Chapter 8, pp. 139- 142; "http://www.diwanalarab.com/%D8%A5%D8%AF%D9%85%D9%88%D9%86-%D8%B4%D8%AD%D8%A7%D8%AF%D8%A9"; "https://www.aljazeera.net/news/cultureandart/2013/10/2/%D8%A7%D9%84%D9%85%D9%88%D8%AA-%D9%8A%D9%8F%D8%BA%D9%8A%D8%A8-%D8%A7%D9%84%D8%A3%D8%AF%D9%8A%D8%A8-%D8%B9%D9%84%D9%8A-%D8%A7%D9%84%D8%AE%D9%84%D9%8A%D9%84%D9%8A"		PNA; Edited anthology of Palestinian poetry 1999, commissioned by PNA while Amman was city of culture
		خميس, وليد		Male		Palestine																											
		خوري, خليل		Male		Palestine																									Furani 2012, Chapter 8, pp. 139- 140; https://www.facebook.com/pg/Khalil-khoury-%D8%AE%D9%84%D9%8A%D9%84-%D8%AE%D9%88%D8%B1%D9%8A-325076358194529/about/?ref=page_internal		Poet
		خوري, ندى		Female		Palestine		5/5/1945	1945	Kaubar		Palestine	1/1/2002		Ramallah		Palestine	Natural	Cancer												Furani 2012, Chapter 11, pp. 214-215		Furani 2016, 177: Hussein Al-Barghouti only started to write poetry in finale decade of his life
		داود, إبراهيم		Male		Palestine																											
		دحبور, أحمد		Male		Palestine			1946	Haifa		Palestine	8/4/2017		Ramallah		Palestine	Natural	Illness										قبق, موريس		Furani 2012, Chapter 8, pp. 138-140		Was in Tunisia; then Baghdad: then in Gaza from 2002
		درويش, أحمد		Male		Palestine																											
		درويش, محمود		Male		Palestine		13/9/1943	1943	Al-Birwa		Palestine	9/8/2008		Houston		United States	Natural	Ischemic Heart Disease	Resistance Literature	L13; L23; L3011; L3019; L3021	read poetry							البياتي, عبد الوهاب؛ السياب, شاكر, بدر؛		Nassar 2017; Furani 2016; Fasl al-Maqal, March 29, 2003		
		الدسوقي, محمود		Male		Israel	Palestine		1934	Al-Tayyiba		Palestine	28/10/2015				Israel	Natural			L3019	participated in									https://www.shabiba.com/article/105752		Poet
		رمضان, عبد المنعم		Male		Palestine																											
		رمضان, نزار		Male		Palestine																											
		زريق, قسطنطين		Male		Palestine																											
		زعموري, عودة		Male		Palestine																											
		زياد, توفيق		Male		Palestine		07/05/1929	1929	Nazareth		Palestine	05/07/1994			Ghor Al-Urdun	Palestine	Undetermined	Road Injury		L11	read poetry									Furani 2012, Bibliography list; "https://www.paljourneys.org/en/biography/14601/tawfiq-zayyad"		Zayyad, Tawfiq. 1958. Min Wara' al-Qudban. al-Jadid (6), 38–40.
		السبع, محمود		Male		Palestine																											
		السبعاوي, عبد الكريم		Male		Palestine																											
		السقا, عبد الجواد		Male		Palestine																											
		سلامة,  أميرة		Female		Palestine																											
		سليمان, أحمد		Male		Palestine																											
		سماعنة, محمد		Male		Palestine																											
		السوداني, مراد		Male		Palestine		23/6/1973	1973	Dayr Al-Sudan	Ramallah	Palestine																			Furani 2012, Chapter 8, pp. 139- 142; https://www.aljazeera.net/encyclopedia/icons/2014/9/28/%D9%85%D8%B1%D8%A7%D8%AF-%D8%A7%D9%84%D8%B3%D9%88%D8%AF%D8%A7%D9%86%D9%8A		Poet; Wrote to Al-Quds Al-Arabi that the post-Darwish generation of Palestinian poets were ignored in anthology of Palestinian poetry 1999
		سوميخ, ساسون		Male		Iraq	Israel	21/9/1933	1933	Baghdad		Iraq	18/8/2019		Tel Aviv		Israel	Natural			L17	wrote about									Furani 2012, chapter 3, note 16; Al Jadeed , June 1955, pp56-57		
		سويف, اهداف		Female		United Kingdom	Egypt																										
		السياب, شاكر, بدر		Male		Iraq		25/12/1926	1926	Basra		Iraq	24/12/1964		Kuwait City		Kuwait	Natural	Motor Neurone Disease												https://www.diwanalarab.com/%D8%A8%D8%AF%D8%B1-%D8%B4%D8%A7%D9%83%D8%B1-%D8%A7%D9%84%D8%B3%D9%8A%D8%A7%D8%A8		
		الشاعر, عماد		Male		Palestine																											
		شبلاق, رياض		Male		Palestine																											
		شحادة, ادمون		Male		Palestine																							الملائكة, نازك		Furani 2012, Chapter 9, pp. 155- 157		Poet
		شريم, مروان		Male		Palestine																											
		الشقيري, احمد		Male		Palestine																											
		الشوابكة, جمال		Male		Palestine																											
		شبيب, سميح		Male		Palestine																											
		الشوا, باسم		Male		Palestine																											
		صايغ, توفيق		Male		Palestine			1923	Kharaba		Syria																			Furani 2012, Bibliography list		Sayigh, Tawfiq. 1960. Al-Qasida K. Beirut: Dar al-Maktaba al-ʿAssriyya.
		صبح, روحي		Male		Palestine																											
		صبح, محمد		Male		Palestine																											
		صالح, حسين		Male		Palestine																											
		الضامن, غسان		Male		Palestine																											
		طعمة, كفاية				Palestine																											
		طقاطقة, عيسى		Male		Palestine																											
		طوقان, إبراهيم		Male		Palestine			1905	Nablus		Palestine	2/5/1941		Jerusalem		Palestine	Natural	Illness												https://www.paljourneys.org/ar/biography/9722/%D8%A5%D8%A8%D8%B1%D8%A7%D9%87%D9%8A%D9%85-%D8%B7%D9%88%D9%82%D8%A7%D9%86		Poet
		الظافر, عمر		Male		Palestine																											
		عباسي, عصام		Male		Palestine															L11; L3019	banned from attending									Furani. 2012, 47		
		عبد الله, غسان		Male		Palestine																											
		عبد الله, مازن		Male		Palestine																											
		عبد النجار,عايش		Male		Palestine																											
		عبد الهادي, سعد		Male		Palestine																											
		عبد الهادي, سميرة		Female		Palestine																											
		عدنان, ماهر		Male		Palestine																											
		عدوان, مجدي		Male		Palestine																											
		عرمان, محمد		Male		Palestine																											
		علي, محمد, طه		Male		Palestine			1931	Safuriyya		Palestine	2/10/2011		Nazareth		Palestine														https://www.poetryfoundation.org/poets/taha-muhammad-ali		Poet
		عليان, عادل		Male		Palestine																											
		العالم, أمين, محمد		Male		Egypt			1922	Cairo				2009															يوسف, سعدي				
		عليوي, ناجح		Male		Palestine																											
		عواد, ناصيف		Male		Palestine																											
		عواد, ذياب, يوسف		Male		Palestine																											
		عوض, فريد		Male		Palestine																											
		عيسى, عبد المنعم		Male		Palestine																											
		الغرابلي, محمود		Male		Palestine																											
		الغزاوي, عزت		Male		Palestine																											
		غنام, تيسير		Male		Palestine																											
		الفرارجة, هشام		Male		Palestine																											
		فوراني, فتحي		Male		Israel	Palestine			Safad		Palestine																			Furani 2012, Chapter 11, pp. 214-215		Poet
		قاسم, جهاد		Male		Palestine																											
		القاسم, سميح		Male	Druzism	Israel	Palestine		1939	Az Zarqa		Jordan	19/08/2014		Safad		Palestine	Natural	Cancer	Resistance Literature			فياض, شحادة	آل حسين, القاسم, محمد		حسين, نوال	 محمد ؛ وضاح؛ عمر؛ ياسر.	درويش, محمود			https://www.alarab.com/Article/630990  and https://www.paljourneys.org/ar/biography/14240/%D8%B3%D9%85%D9%8A%D8%AD-%D8%A7%D9%84%D9%82%D8%A7%D8%B3%D9%85		Poet
		القاسم, نبيه		Male		Israel	Palestine		1945	Al-Rama		Palestine																		Writer and Literary critic	http://www.nabih-alkasem.com/biography1.htm		Wrote in Al-Jadeed, 1975, Issue 3, pp47-66
		قباني, نزار		Male		Syria		21/3/1923	1923	Damascus		Syria	30/4/1998	1998	London		United Kingdom	Natural	Illness												https://www.aljazeera.net/encyclopedia/icons/2015/10/2/%D9%86%D8%B2%D8%A7%D8%B1-%D9%82%D8%A8%D8%A7%D9%86%D9%8A		
		القبج, سامح		Male		Palestine																											
		قبق, موريس		Male		Syria			1932	Masyaf		Syria	19/01/1996																		Furani 2012, Chapter 8, pp. 139- 140; https://www.facebook.com/236626823069908/posts/264903220242268/		Poet
		قطامش, أحمد		Male		Palestine																											
		قعوار, جمال		Male		Palestine																											
		القلقيلي, عبد الفتاح		Male		Palestine															L11	banned from attending											
		قهوجي, حبيب		Male		Palestine																											
		كنفاني, غسان		Male		Palestine		09/04/1936	1936	Acre		Palestine	08/07/1972	1972	Beirut		Lebanon	Homocide	Assassination	Resistance Literature					كنفاني, غازي; كنفاني, مروان; كنفاني, عدنان; كنفاني, حسن	Hover, Anni	كنفاني, فائز; كنفاني, ليلى		حبش, جورج		https://www.paljourneys.org/en/biography/6566/ghassan-kanafani#:~:text=Ghassan%20Kanafani%20was%20born%20in,two%20children%2C%20Fayiz%20and%20Laila.		
		كيوان, احمد		Male		Palestine																							البطراوي, محمد		Furani 2012, Chapter 9, pp. 159		Poet
		اللبدي, محمد		Male		Palestine																											
		الماغوط, محمد		Male		Syria			1936	Salamiyah		Syria	3/4/2006		Damascus		Syria			Free verse													Wrote for Al-Ittihad
		محمد, زكريا		Male		Palestine			1950	Nablus		Palestine																	يوسف, سعدي		Furani 2012, Chapter 11, pp. 214-215; https://www.alhadath.ps/article/113972/%D8%B2%D8%B1%D8%A7%D9%88%D9%86%D8%AF-%D8%AF%D9%8A%D9%88%D8%A7%D9%86-%D9%84%D9%84%D8%B4%D8%A7%D8%B9%D8%B1-%D8%B2%D9%83%D8%B1%D9%8A%D8%A7-%D9%85%D8%AD%D9%85%D8%AF-		Poet
		مراد, مصطفى		Male		Palestine			1897	Jaffa		Palestine	7/7/1989		Beirut		Lebanon																
		الملائكة, نازك		Female		Iraq		22/12/1932	1932	Baghdad		Iraq	20/06/2007		Cairo		Egypt	Natural													https://www.aljazeera.net/news/cultureandart/2019/6/20/%D8%A7%D9%84%D8%B4%D8%A7%D8%B9%D8%B1%D8%A9-%D8%A7%D9%84%D8%B9%D8%B1%D8%A7%D9%82%D9%8A%D8%A9-%D9%86%D8%A7%D8%B2%D9%83-%D8%A7%D9%84%D9%85%D9%84%D8%A7%D8%A6%D9%83%D8%A9-%D8%A7%D9%84%D8%AB%D8%A7%D8%A6%D8%B1%D8%A9-%D8%B9%D9%84%D9%89-%D8%A7%D9%84%D8%AA%D9%82%D8%A7%D9%84%D9%8A%D8%AF		Free verse pioneer; was part of Al-Adab from 1953;
		مصلح, روز		Female		Palestine																											
		منصور, سمير		Male		Palestine																											
		مطور, عمر		Male		Palestine																											
		معمر, سهيل		Male		Palestine															L17	organised by											
		منصور, نادر		Male		Palestine																											
		موريه, شموئيل		Male		Israel	Iraq	22/12/1932	1932	Baghdad		Iraq	20/09/2017	2017	Mevasseret Ziyyon	Jerusalem	Israel	Natural													Furani 2012, Bibliography list; https://haifanet.co.il/archives/14733		Moreh, Shmuel. 1967. Arabic Literature in Israel. Middle Eastern Studies 3 (3), 283–94. الكرمل” للأدباء الفلسطينيِّين في الداخل elected as head in 2015
		ناصر, امجد		Male		Jordan			1955	Al-Turra		Jordan		2019	London		United Kingdom	Natural	Cancer												https://www.bbc.com/arabic/trending-50247719		
		نافع, حسونة		Male		Palestine																											
		نعيمة, ميخائيل		Male		Lebanon		17/10/1889	1889	Baskinta		Lebanon	28/02/1988		Beirut		Lebanon	Natural	Pneumonia	Mahjar	L3002	participated in											
		نقارة, حنا		Male		Israel	Palestine		1912	Al-Rama		Palestine		1984			Israel				L3014; L3019	participated in											
		الهودلي, عبد الجابر		Male		Palestine																											
		الهبيل, عبد الرحيم		Male		Palestine																											
		هرماس, غسان		Male		Palestine																											
		الهشلمون, نايف		Male		Palestine																											
		هنية, اكرم		Male		Palestine																											
		الوحش, سوسن		Female		Palestine																											
		ياغي, صبحي		Male		Palestine																											
		اليازجي, ابراهيم		Male		Palestine																											
		يونس, أمين		Male		Palestine															L3010	participated in											
		يوسف, سعدي		Male		Iraq			1934	Abu Al Khaseeb		Iraq																			http://www.saadiyousif.com/new/		
		يوسف, فوزي		Male		Palestine																											
	Saramago, José			Male		Portugal		16/11/1922	1922	Azinhaga		Portugal	18/06/2010	2010	Tias		Spain	Natural	Cancer		L23	participated in									https://www.theguardian.com/books/2010/jun/18/jose-saramago-obituary; https://www.mppm-palestina.org/content/cause-palestinian-people-loses-jose-saramago-unconditional-supporter		Attended L23
	Soyinka, Wole			Male		Nigeria			1934	Abeokuta		Nigeria									L23	participated in									https://www.theguardian.com/books/2002/apr/06/wolesoyinka		Attended L23
		البحري, جميل		Male	Christianity	Palestine		12/05/1895	1895	Haifa		Palestine	06/09/1930	1930	Haifa		Palestine	Homocide	Assassination						البحري, حنا			نصار, نجيب؛ العيسى, عيسى؛ البستاني, وديع			منصور، جوني. 2016. حيفا: الكلمة التي صارت مدينة، ص. 341-343		
		البحري, حنا		Male	Christianity	Palestine															L3008												
		إبراهيم, سليم		Male		Palestine																											
		كردي, داود		Male		Palestine																											
		ادريس, سهيل		Male		Lebanon			1925			Lebanon	19/02/2008																				
		اديب, البير		Male		Lebanon			1908			Lebanon		1985																			
		عازر, جورج		Male		Palestine																											
		البندك, عبد الله		Male		Palestine																											
		الخال, يوسف		Male		Lebanon																											
		عساف, زينب		Female		Lebanon																											
		البصري, عبد الجبار		Male		Iraq			1930	Abu Al Khaseeb		Iraq																					
		شاكر, عيسى		Male		Palestine																											
		طوبي, جورج		Male		Palestine															L3019	participated in											
		الدجاني, حسن		Male		Palestine																											
		الطيب, نجيب		Male		Palestine																											
		حمد, يوسف		Male		Palestine																											
		جبر, عادل		Male		Palestine			1931	Fassuta		Palestine		1986	Lyon		France																
		زكا, ايليا		Male		Palestine																											
		أبو خضراء,  كنعان 		Male		Palestine																											
		الشنطي, إبراهيم		Male		Palestine																											
		حداد, منير		Male		Palestine																											
		الغوري, اميل		Male		Palestine																											
		كمال, محمد		Male		Palestine																											
		القلقيلي, عبد الله		Male		Palestine																											
		الشنطي, محمد		Male		Palestine																											
		السبع, هاشم		Male		Palestine																											
		لورنس, أنطون		Male		Palestine																											
		كريم, إبراهيم		Male																													
		سويد, محمد		Male		Palestine																											
		العيسى, حنا, يوسف		Male		Palestine																											
		منصور, علي		Male		Palestine																											
		حنا, يوسف		Male		Palestine																											
		طه, المتوكل		Male		Palestine		10/03/1958	1958	Qalqilya		Palestine																					Director of Palestinian House of Poetry
	Harlow, Barbara			Female				18/12/1948	1948	Cleveland		United States		2017																			
		الحسن, بلال		Male					1944	Haifa		Palestine																					
		خضر, حسن		Male					1953	Gaza		Palestine																					
		ناشف, إسماعيل		Male					1967																								
		ضاهر, جمال		Male					1960	Nazareth																							
		فراج, خالد		Male																													
		شهيد, ليلى		Female					1949	Beirut		Lebanon																					
		الجيوسي, لينة		Female					1948	Amman		Jordan																					
		شريح, محمود		Male					1952																								
		برادة, محمد		Male				14/05/1938	1938	Rabat		Morocco																					
		درويش, نجوان		Male				08/12/1978	1978	Jerusalem																							
		جواد, رانيا		Female																													
		خالدي, رشيد		Male					1948	New York City		United States																					
		خليفة, سحر		Female					1941	Nablus		Palestine																					
		جبران, سالم		Male					1941												L3019	participated in											
		تماري, سليم		Male					1945	Jaffa		Palestine																					
		مقدادي, سلوى		Female																													
		ادريس, سماح		Male					1961	Beirut		Lebanon																					
		أبو فخر, صقر		Male					1953																								
		داود, سهام		Female					1952	Al-Ramla																							
38367293		فارس, هاني أحمد		Male		Canada																											
		الشرفا, وليد		Male					1973	Nablus		Palestine																					
		أبو سيف, عاطف		Male					1973																								
		ياغي, عبد الرحمن		Male																													
		ياغي, هاشم		Male																													
		طرابلسي, فواز		Male					1941	Beirut		Lebanon																					
		مكداشي, حسناء		Female								Lebanon																					
		البرغوثي, حسين		Male		Palestine		05/05/1954	1954	Kaubar		Palestine	01/05/2002		Ramallah	Ramallah																	
		أبو لغد, إبراهيم		Male				15/02/1929	1929	Jaffa		Palestine	23/05/2001																				
		دراج, فيصل		Male					1943	Al-Ja'una																							
		زقطان, غسان		Male		Palestine			1954	Bayt Jala																							
		نصر الله, إبراهيم		Male		Jordan		12/2/1954	1954	Amman		Jordan																					
		سماحة, جوزيف		Male					1949	Khenchara		Lebanon	25/02/2007		London		United Kingdom	Natural	Heart attack														
		بدر, ليانة		Female		Palestine			1950	Jerusalem																							
		صدقي, محمد نجاتي		Male					1905	Jerusalem				1979	Athens		Greece																
		علوش, ناجي		Male																													
		ناصر, كمال		Male					1925	Bir Zeit	Ramallah	Palestine	10/04/1973		Beirut		Lebanon	Homocide	Assassination		L3022	participated in											
		الحسون, يوسف		Male																													
		العارف, عارف		Male					1892	Jerusalem				1973	Al-Bira	Ramallah																	born as Aref Shehadeh
		أبو هواش, سامر		Male					1972																								
		صالح, فخري		Male								Palestine																					
		شروف, هالة		Female																													
		صايغ, أنيس		Male		Palestine		03/11/1931	1931	Tiberias		Palestine	25/12/2009																		https://www.jadaliyya.com/Details/31046/Anis-Sayigh-A-Profile-from-the-Archives		
		المناصرة, عز الدين		Male					1946	Bani Na'im	Hebron	Palestine																			https://ar.wikipedia.org/wiki/%D8%B9%D8%B2_%D8%A7%D9%84%D8%AF%D9%8A%D9%86_%D8%A7%D9%84%D9%85%D9%86%D8%A7%D8%B5%D8%B1%D8%A9		
		شقير, محمود		Male					1941																								
		الكرمي, عبد الكريم	أبو سلمى	Male					1909	Haifa			11/10/1980	1980	Damascus		Syria											طوقان, إبراهيم			https://ar.wikipedia.org/wiki/%D8%B9%D8%A8%D8%AF_%D8%A7%D9%84%D9%83%D8%B1%D9%8A%D9%85_%D8%A7%D9%84%D9%83%D8%B1%D9%85%D9%8A		possibly born 1907
		الخالدي, روحي		Male					1864					1913				Natural	Typhoid														
		نصار, نجيب		Male		Palestine		01/01/1865	1865	Ain Anoub		Lebanon	28/12/1947	1947	Nazareth		Palestine	Natural	Postoperative Complications														
		يخلف, يحيى		Male					1944	Samakh	Tiberias	Palestine																					
		فياض, توفيق		Male					1939	Muqeibila		Palestine									L1016; L1017; L1018	participated in						درويش, محمود؛ بنيس, محمد؛ أولاد أحمد,الصغير, محمد؛ الماجري, جميلة؛ الغزي, محمد؛ المبخوط, شكري؛ دحبور, أحمد؛ بسيسو, عبد الرحمن؛ خضر, حسن؛ يخلف, يحيى		A Palestinian writer who came to Tunis in 1980 and lives there to this day. He is famous for being Darwish´s compagnion with whom he shared a flat in Haifa´s Abbas Street 35 for 5 years. He left Palestine after leaving prison where he had stayed for six years. He breifly stayed in Cairo and Beirut, fled to Germany and then settled in Tunis. His first wife was killed in Beirut.		فياض, توفيق	
		أبو شاور, رشاد		Male					1942	Zikrin		Palestine																					
		أبو خالد, خالد		Male					1937	Silat ad-Dhahr	Nablus	Palestine																					
		شبلي, آسيا		Female																													
		عزام, سميرة		Female	Christianity	Palestine		13/09/1927	1927	Acre		Palestine	08/08/1967	1967	Ar-Ramtha		Jordan	Natural	Heart attack														
		سيف, وليد		Male					1948	Tulkarm		Palestine																					
		شفيق, منير		Male	Christianity	Palestine			1934	Jerusalem		Palestine																					منير شفيق عسل
		غنايم, محمود		Male				22/05/1949	1949	Baqa Al-Gharbiyya		Israel																					
		ذياب, فاطمة		Female		Israel			1951	Tamra	Galilee	Israel																					
		منصور, شوقية عروق		Female																													
		العزاوي, ضياء		Male		Iraq			1939	Baghdad		Iraq																كنفاني, غسان					
		قرمان, سعاد		Female					1927	Haifa		Palestine																					
		فوراني, خالد		Male		Israel																											
		وادي, فاروق		Male																													
		سحاب, الياس		Male					1937	Jaffa		Palestine																			https://www.abjjad.com/author/2794947267/%D8%A7%D9%84%D9%8A%D8%A7%D8%B3-%D8%B3%D8%AD%D8%A7%D8%A8/books		
		هلسا, غالب		Male		Jordan		03/12/1932	1932	Ma'in		Jordan	17/12/1989	1989	Damascus		Syria																
		فودة, علي		Male					1946	Qannir	Haifa	Palestine		1982	Beirut		Lebanon	Homocide	Bombing during War														
		الكيالي, عبد الوهاب		Male					1939		Jaffa	Palestine	12/07/1981	1981	Beirut		Lebanon	Homocide	Assassination														
		أبو شرار, ماجد		Male					1936	Dura	Hebron	Palestine	09/10/1981		Rome		Italy	Homocide	Assassination														
		خضر, نعيم		Male				30/12/1939	1939	Zababida		Palestine	01/06/1981		Brussels		Belgium	Homocide	Assassination														
		القلق, عز الدين		Male					1936	Haifa		Palestine	02/08/1978		Paris		France	Homocide	Assassination														
		الهمشري, محمود		Male					1939	Umm Khalid		Palestine	09/01/1973		Paris		France	Homocide	Assassination														
		زعيتر, وائل عادل‎		Male				02/10/1934	1934	Nablus		Palestine	16/10/1972		Rome		Italy	Homocide	Assassination														
		شحروري, صبحي	أبو نضال	Male					1934	Bal'a	Tulkarm	Palestine	10/02/2019																				شحروري/ شحروي
		حمّامي, سعيد		Male					1941	Jaffa		Palestine	04/01/1978		London		United Kingdom	Homocide	Assassination														
		ميخائيل, حنا	أبو عمر	Male					1935	Ramallah		Palestine	20/07/1976				Lebanon	Undetermined										سعيد, إدوارد; Genet, Jean					disappeared together with 11 other Plo militants in a rubber boat on their way to Tripoli
		العلي, ناجي سليم		Male					1938	Al-Shajara	Tiberias	Palestine	29/08/1987		London		United Kingdom	Homocide	Assassination														
		الشرابي, هشام		Male					1927	Jaffa		Palestine	13/01/2005		Beirut		Lebanon	Natural	Cancer														
		مقبل, حنا		Male					1939	Al-Tayyiba		Palestine	03/05/1984		Nicosia		Cyprus	Homocide	Assassination														
		عباس, إحسان		Male				02/12/1920	1920	Ayn Ghazal	Haifa	Palestine	29/01/2003		Amman		Jordan	Natural															
		مروة, حسين		Male					1908	Haddatha		Lebanon		1987	Beirut		Lebanon	Homocide	Assassination														
		مصطفى, جمانة		Female					1977																								
		قصير, سمير		Male				05/05/1960	1960	Beirut		Lebanon	02/06/2005	2005	Beirut		Lebanon	Homocide	Assassination														
	Handal, Nathalie	حنظل, نتالي		Female								Haiti																					
		المدهون, ربعي		Male					1945	Al-Majdal Ashqelon		Palestine																					
		عاشور, رضوى		Female				26/04/1946	1946	Cairo		Egypt	30/11/2014	2014	Cairo		Egypt	Natural															
	Genet, Jean			Male				19/12/1910	1910	Paris		France	14/04/1986	1986	Paris		France																
	Hafez, Sabri	حافظ, صبري		Male																													
		ناصر, يوسف نعمان		Male																													
		معروف, مازن		Male						Beirut		Lebanon																					
		اليوسف, يوسف سامي 		Male																											https://ar.wikipedia.org/wiki/%D9%8A%D9%88%D8%B3%D9%81_%D9%86%D8%B9%D9%85%D8%A7%D9%86_%D9%86%D8%A7%D8%B5%D8%B1		
		مهوي, إبراهيم		Male	Christianity				1937	Ramallah		Palestine																					
		بشارة, عزمي		Male				22/07/1956	1956	Nazareth		Israel																					
		منصور, خيري		Male					1945	Deir al-Ghusoun	Tulkarm	Palestine	19/09/2018	2018	Amman		Jordan									منصور, أمل							
	Mardam Bey, Farouk	مردم بك, فاروق		Male		France			1944	Damascus		Syria																					
	Khader, Sameh	خضر, سامح		Male																													
	Jiryis, Sabri	جريس, صبري		Male	Christianity	Palestine			1938	Fassuta	Safad	Palestine																			http://jiryis.net/about-me/		
		صنبر, إلياس		Male					1947	Haifa		Palestine																					
		السكاكيني, خليل		Male	Christianity			23/01/1878	1878	Jerusalem			13/08/1953	1953	Jerusalem																		
	Kayyal, Majd	كيّال, مجد		Male					1990	Haifa																							
		دوماني, بشارة		Male					1957			Saudi Arabia																					
3151594329905350923		بسيسو, جيهان		Female		United States			1984	Los Angeles		United States																					
		بسيسو, معين		Male					1926	Gaza	Gaza	Palestine	23/01/1984	1984	London		United Kingdom	Natural	Heart Failure		L3018	read poetry											
34525394		بركات, سليم		Male		Syria		01/09/1951	1951	Qamishli		Syria																					
		روحانا, شادي		Male		Israel			1985	Haifa																							
		منصور, أمل		Female					1950				31/10/2018	2018												منصور, خيري							
		غانم, يوسف		Male																								دانيال, هادي؛ حاتم, أدم					
		دانيال, هادي		Male		Syria			1956																			غانم, يوسف؛ حاتم, أدم		He came to Tunis in 1982 as a supporter of the PLO.			
		حاتم, أدم		Male		Iraq																						غانم, يوسف؛ دانيال, هادي					
112806649		طوقان, فدوى	دنانير	Female		Palestine		01/03/1917	1917	Nablus		Palestine	12/12/2003	2003	Nablus		Palestine	Natural	Stroke		L3021	read poetry			طوقان, إبراهيم						Furani 2012, Bibliography list		Tuqan, Fadwa. 1981. Qasa'id Siyasiyya. Acre: Dar al-Aswar.
88095026		العيسى, داوود, عيسى		Male		Palestine			1878	Jaffa			29/06/1950	1950	Beirut		Lebanon														https://www.paljourneys.org/en/biography/9731/isa-al-isa		
31856668		البستاني, وديع		Male		Lebanon	Palestine		1888	Dibbieh		Lebanon	20/01/1954	1954			Lebanon	Natural													https://www.paljourneys.org/en/biography/9843/wadi%E2%80%98-faris-al-bustani		
		اسطفان, حنا, اسطفان		Male		Palestine			1899	Bayt Jala				1949			Lebanon														http://alqudslana.com/index.php?action=individual_details&id=2739		
		حماد, عصام		Male		Jordan	Palestine	12/05/1925	1925	Jarash		Palestine	07/06/2006		Amman		Jordan													Poet and Radio Announcer			
		الحاج عيسى, محيي الدين		Male		Palestine			1900	Safad			25/03/1974		Aleppo		Syria													Poet and Writer - his only book of poetry appeared after his death	https://www.diwanalarab.com/%D8%A7%D9%84%D8%B4%D8%A7%D8%B9%D8%B1-%D9%85%D8%AD%D9%8A-%D8%A7%D9%84%D8%AF%D9%8A%D9%86		
		الخوري, اسكندر		Male		Palestine			1888	Bayt Jala				1973	Bayt Jala		Palestine	Natural													https://www.palestinapedia.net/%D8%A5%D8%B3%D9%83%D9%86%D8%AF%D8%B1-%D8%A7%D9%84%D8%AE%D9%88%D8%B1%D9%8A-%D8%A7%D9%84%D8%A8%D9%8A%D8%AA%D8%AC%D8%A7%D9%84%D9%8A/		
		العيسى, سعيد		Male		Palestine			1915	Jaffa				1991	London		United Kingdom																
		الجوزي, نصري		Male		Palestine			1908	Jerusalem			17/08/1996		Damascus		Syria																
		بدران, جميل		Male		Palestine			1909	Haifa				1999	Ramallah		Palestine													Artist and Caligrapher	http://info.wafa.ps/persons.aspx?id=311		
		بلاطة, كمال		Male		Palestine			1942	Jerusalem		Palestine	06/08/2019		Berlin		Germany	Natural							بلاطة, عيسى				Berger, John; الحلبي, خليل	Artist and Editor	https://www.paljourneys.org/ar/biography/9736/%D9%83%D9%85%D8%A7%D9%84-%D8%A8%D9%8F%D9%84%D8%A7%D9%91%D8%B7%D8%A9		
		بلاطة, عيسى		Male		Canada	Palestine	25/02/1929	1929	Jerusalem		Palestine	01/05/2019		Montreal		Canada	Natural							بلاطة, كمال					Scholar, Writer, Translator			
		الشيخ, عبد الرحيم		Male					1973	Jerusalem		Palestine																			https://web.archive.org/web/20071009114934/http://imeu.net/news/article005740.shtml		
14792508		خوري, إلياس		Male	Christianity			12/07/1948	1948	Beirut		Lebanon																					
63895837		لوباني, عيسى		Male		Israel	Palestine		1926	Al-Mujaydal	Nazareth	Palestine	28/01/1999		Nazareth		Israel				L3009; L3010	participated in							ميخائيل, مراد		https://www.knooznet.com/?app=article.show.32590		
		مرقس, نمر		Male		Israel	Palestine	15/02/1930	1930	Kafr Yasif		Palestine	29/01/2013		Kafr Yasif		Israel	Natural			L3009	participated in									https://www.goodreads.com/author/show/7266790._		كان معلم محمود درويش في دير الأسد في بدايات الخمسينيات
		الظاهر, أبو السعود, عدنان		Male		Israel	Palestine		1930	Nazareth		Palestine	12/09/2016		Acre		Israel	Natural													https://www.arab48.com/%D9%85%D8%AD%D9%84%D9%8A%D8%A7%D8%AA/%D8%A3%D8%AE%D8%A8%D8%A7%D8%B1-%D9%85%D8%AD%D9%84%D9%8A%D8%A9/2016/09/12/%D9%88%D9%81%D8%A7%D8%A9-%D8%A7%D9%84%D8%B4%D8%AE%D8%B5%D9%8A%D8%A9-%D8%A7%D9%84%D9%88%D8%B7%D9%86%D9%8A%D8%A9-%D9%88%D8%A7%D9%84%D9%85%D8%B1%D8%A8%D9%8A-%D8%B9%D8%AF%D9%86%D8%A7%D9%86-%D8%A3%D8%A8%D9%88-%D8%A7%D9%84%D8%B3%D8%B9%D9%88%D8%AF-%D8%A7%D9%84%D8%B8%D8%A7%D9%87%D8%B1		
297091757		جهشان, شكيب		Male		Israel	Palestine	21/07/1936	1936	Al-Maghar		Palestine	14/02/2003		Nazareth		Israel													Poet			
40981781		مرار, مصطفى		Male		Israel	Palestine	28/02/1930	1930	Jaljuliya		Palestine									L3010	participated in								Writer of childern's lit			
		الطبري, وجدي, فريد		Male		Israel	Palestine		1931	Tiberias		Palestine	10/08/2003		Nazareth		Israel																
		نصار, سهيل		Male		Israel	Palestine	27/03/1925	1925	Nazareth		Palestine	18/01/2002		Nazareth																http://wajihseman.com/alwan_18.php		
115951635	Tammuz, Benjamin			Male		Israel	Soviet Union	11/07/1919	1919			Soviet Union	19/07/1989		Tel Aviv		Israel				L3010	organised by											
45778089	Halfi, Avraham			Male		Israel			1904			Poland	08/06/1980		Tel Aviv		Israel				L3010	participated in											
51842906	Shlonsky, Avraham			Male		Israel		06/03/1900	1900			Ukraine	18/05/1973		Tel Aviv		Israel				L3010	participated in											
69036415	Gouri, Haim			Male		Israel		09/10/1923	1923	Tel Aviv		Palestine	31/01/2018		Jerusalem		Palestine				L3010	participated in											
27304203	Shamir, Moshe			Male		Israel		15/09/1921	1921	Safad		Palestine	21/08/2004				Israel				L3010	participated in											
297546196		نقولا, جبرا		Male		Israel	Palestine	16/02/1912	1912	Haifa		Palestine	25/12/1974		London		United Kingdom				L3010; L3012; L3019	participated in						أبو حنا, حنا؛ خميس, صليبا			https://alchetron.com/Jabra-Nicola		
		مصباحي, حسونة		Male		Tunisia			1950			Tunisia									L1007	participated in						درويش, محمود		   مصباحي  is a Tunisian novelist, who was a journalist during the 1980s and 1990s, when the Palestinian literary circle was located in Tunis.			
		ياسين, عبد الحميد	أبو أسامة	Male		Palestine			1906	Al-Lydd		Palestine		1975	Amman		Jordan									ياسين, ماجد, منيرة							
		عبد المجيد, فايزة		Female		Palestine			1908	Nablus		Palestine		1996	Amman		Jordan																
		صيام, محمد		Male		Palestine			1917	Lifta	Jerusalem	Palestine	30/01/1991		Jerusalem		Palestine													Calligrapher			Worked with Al-Muntada Magazine
		الكيالي, دعد		Female		Kuwait	Palestine		1930	Al-Ramla		Palestine																		Poet			
		الريماوي, سعيد		Male		Jordan	Palestine																							Poet			
		مصطفى, حسن		Male		Palestine		25/12/1914	1914	Bittar		Palestine	04/06/1961		Bittar		Palestine																
		عوض, ريتا		Female		Lebanon															L1008; L1009; L1010; L1011; L1013; L1014; L1015	hosted by						فياض, توفيق؛ درويش, محمود؛ بلاطة, كمال	حاوي, خليل	Dr. Rita Awad is a literary critic and theorist. She has been living in Tunisia since 1979 and worked for many years for ALECSO. It was her initiative to elect Jerusalem as the Arab capital of culture in 2009.		private meeting	relation to events: L1009 and L1010 organised by, L1011 initiated by; L1012,  L1013 and L1014 co-organised by
298207819		إبراهيم الإيراني, مؤيد		Male		Israel	Palestine		1910	Acre		Palestine		1987	Haifa		Israel													Poet	https://www.almoajam.org/lists/inner/5542		
310614411		الفاروقي, التاجي, سليمان		Male		Palestine			1882	al-Ramla		Palestine		1958	Jericho		Palestine													لقبه معري فلسطين	https://www.paljourneys.org/ar/biography/9842/%D8%A7%D9%84%D8%B4%D9%8A%D8%AE-%D8%B3%D9%84%D9%8A%D9%85%D8%A7%D9%86-%D8%A7%D9%84%D8%AA%D8%A7%D8%AC%D9%8A-%D8%A7%D9%84%D9%81%D8%A7%D8%B1%D9%88%D9%82%D9%8A		
75531725		عبد الخالق, مطلق		Male		Palestine			1910	Nazareth		Palestine		1937	Haifa		Palestine	Accident	Road Injury									البستاني, وديع			https://www.palestinapedia.net/%D9%85%D8%B7%D9%84%D9%82-%D8%B9%D8%A8%D8%AF-%D8%A7%D9%84%D8%AE%D8%A7%D9%84%D9%82-1909-1937/		
		العبوشي, برهان الدين		Male		Palestine			1911	Jenin		Palestine	08/02/1995		Baghdad		Iraq													Playwright and Poet	https://www.palestinapedia.net/%D8%A8%D8%B1%D9%87%D8%A7%D9%86-%D8%A7%D9%84%D8%AF%D9%8A%D9%86-%D8%A7%D9%84%D8%B9%D8%A8%D9%88%D8%B4%D9%8A/		
		الخوري, لبيب, جميل		Male		Israel	Palestine		1907	Kafr Yasif		Palestine		1986	Kafr Yasif		Israel														https://www.almoajam.org/lists/inner/1680		
		يونس, طاهر, أحمد		Male		Israel	Palestine		1911	Ara	Haifa	Palestine	14/11/1995		Ara	Haifa	Israel														https://www.knooznet.com/?app=article.show.31920		
4777240		خليل, نجيب, جورج		Male		Israel	Palestine		1932	Ibillin		Palestine		2001			Israel													The first poet in occupied Palestine to publish a book after the nakba	http://www.odabasham.net/%D8%AA%D8%B1%D8%A7%D8%AC%D9%85/41133-%D8%AC%D9%88%D8%B1%D8%AC-%D9%86%D8%AC%D9%8A%D8%A8-%D8%AE%D9%84%D9%8A%D9%84-%D9%83%D9%86%D8%A7%D8%B1-%D8%A7%D9%84%D8%AC%D9%84%D9%8A%D9%84		
		ديرملكنيان, ميشيل		Male		Israel	Palestine		1923	Haifa		Palestine		2009			Israel											أبو حنا, حنا		لحن الكثير من قصائد شعراء الداخل الفلسطيني			
93504588		عبد الله, فوزي		Male		Israel	Palestine		1942	Nazareth		Palestine	18/02/1988		Nazareth		Israel													Poet	https://www.knooznet.com/?app=article.show.33909		
		خاص, محمد		Male		Israel	Palestine			Gaza		Palestine					Palestine			Social Realism	L3012; L3019	participated in				عبدو, ماري							
		أبو عراق, سعاد		Female																													
		أبو حمدان, جمال		Male																													
		أبو رية, يوسف		Male																													
		أبو شندي, صالح		Male																													
		أبو أصبع, صالح		Male																													
		أبو صوفة, محمد		Male																													
		أبو عرقوب, أحمد		Male																													
		أبو علي, مصطفى		Male																													
		أبو غنيمة, حسان		Male																													
		أبو لبدة, حسن		Male																													
		أبو لوز, يوسف		Male					1956			Palestine																					
		أبو لية, حسن		Male																													
		أبو مغلي, أمور		Male																													
		أبو مطر, أحمد		Male																													
		أبو ناضل, زيد		Male																													
		أبو هشهش, إبراهيم		Male																													
		أبو الهيجاء, نواف		Male		Palestine																											
		الأشقر, يوسف		Male																													
		اغا, أديب, عادل		Male																													
		أمين, يوسف		Male																													
		أنيس, محمد		Male																													
		أيوب, محمد		Male																													
		باسم, احمد, باسم		Male																													
		البتيري, علي		Male																													
		بدر, عصام		Male																													
		بكار, يوسف		Male																													
		بنورة, جمال		Male																													
		تامر, زكريا		Male		Syria																											
		ترتير, عادل		Male																													
		التل, عاصم		Male																													
		تماري, فيرا		Female																													
		توفيق, قاسم		Male		Jordan	Palestine					Palestine																					
		جبر, كمال		Male																													
		جبار, فرانسوا		Male		France																											
		جبر, ناهض		Male																													
		جبيل, إبراهيم		Male																													
		جمعة, حسين		Male																													
		جويدة, امتثال		Female																													
		حجازي, علي		Male																													
		حسين, مرتضى, باسمة		Female		Palestine																											
		حسنين, حسين		Male																													
		الحسيني, زين		Male																													
		حقي, بديع		Male																													
		حمدان, صبحي		Male																													
		حمودي, باسم		Male																													
		حوراني, يوسف		Male																													
		الحيدري, بلند		Male		Iraq																											
		خالد, حمدان		Male																													
		خروب, محمد		Male																													
		خوري, بشارة		Male																													
		الدردنجي, هيام		Female																													
		دنقل, امل		Male		Egypt																											
		الديوك, ياسر		Male																													
		دويكات, مفيد		Male																													
		راغب, نصر		Male																													
		الربودي, محمود		Male																													
		رشيد, علي		Male																													
		رفاعي, ياسين		Male																													
		رضوان, عبد الله		Male								Palestine																					
		الروسان, محمود		Male																													
		رباح, وليد		Male																													
		الريحاني, نجيب		Male		Egypt																											
		الريماوي, محمود		Male																													
		سليمان, نبيل		Male																													
		السمان, غادة		Female																													
		السمرائي, إبراهيم		Male		Iraq																											
		السواحري, خليل		Male																													
		سيف, فارس		Male																													
		شاهين, أحمد		Male																													
		الشلبي, محمود		Male					1943	Danna		Palestine																					
		الشحام, عبد الله		Male																													
		شلش, محمد		Male																													
		شمعون, عبد الرؤوف		Male																													
		شمعون, عبد اللطيف		Male																													
		شموط, إسماعيل		Male																													
		الشيخ, جبريل		Male																													
		صالح, الطيب		Male																													
		العاني, يوسف		Male																													
		عبد القادر, محمد		Male																													
		عدوان, ممدوح		Male																													
		علام, محمد		Male																													
		العاني, شجاع		Male																													
		عبد السلام, سليم		Male																													
		عبد السلام, وليد		Male																													
		عبد العزيز, نصر		Male																													
		عبد العزيز, يوسف		Male					1956			Palestine																					
		العبسي, إبراهيم		Male																													
		عبوش, سامح		Male																													
		العتيلي, مؤيد		Male																													
		عرايدي, نعيم		Male																													
		عرفات, عفاف		Female																													
		عسقلاني, غريب		Male																													
		عشراوي, إميل		Male																													
		عشراوي, حنان		Female																													
		العلم, إبراهيم		Male																													
		علوش, علي		Male																													
		عليان, حافظ		Male																													
		عمورة, عزيز		Male																													
		العمري, شوقي		Male																													
		عودة, أحمد		Male								Palestine																					
		عيسى, إبراهيم		Male																													
		العيلة, زكي		Male																													
		غنيم, عبد الرحمن		Male																													
		صالح, عبد الناصر		Male																													
		صالح, مصطفى		Male																													
		صائغ, مي		Female																													
		صادق, محمود		Male																													
		الصغير, رباح		Male																													
		ضمرة, محمد		Male																													
		ضمرة, يوسف		Male					1952			Palestine																					
		طوبي, أسمى		Female																													
		طه, محمود		Male																													
		طوقان, فواز		Male																													
		الظاهر, محمد		Male					1951	Aqabat Jaber		Jordan																					
		فرج, سميح		Male																													
		كريم, فوزي		Male																													
		الفول, علي		Male																													
		القاضي, محمد		Male																													
		القيسي, محمد		Male																													
		كامل, فريد		Male																													
		الكحلوات, حمدي		Male																													
		الكبيسي, طراد		Male																													
		لافي, محمد		Male																													
		عمر, محجوب		Male																													
		محفوظ, نجيب		Male																													
		محمد, سامي		Male																													
		المشايخ, محمد		Male																													
		مشوح, وليد		Male																													
		مصطفى, كريم		Male																													
		مصلح, أحمد		Male																													
		ملحس, أمين		Male																													
		ملحس, سعاد		Female																													
		الموسوي, محسن		Male		Iraq																											
		ميخائيل, ناديا		Female																													
		الناعوري, عيسى		Male																													
		النحال, نبيلة		Female																													
		نحلة, مفيد		Male																													
		نعواش, أحمد		Male																													
		النمري, كرام		Male																													
		هلسا, بسام		Male																													
		الهليس, وليد		Male																													
		الهواري, بشير		Male																													
		وطار, الطاهر		Male		Algeria																											
		يحيى, حسب الله		Male																													
	Kanafani, Anni			Female		Denmark																											
	Eliot, Stearns, Thomas			Male	Christianity	United States	United Kingdom	26/09/1888	1888	St. Louis		United States	04/01/1965	1965	London		United Kingdom	Natural	Emphysema	Modernism													
	Pound, Ezra			Male		United States		30/10/1885	1885	Hailey		United States	01/11/1972	1972	Venice		Italy	Natural	Bowel Obstruction	Modernism													
		العدوان, أمينة		Female																													
		أبو شايب, زهير		Male																													
		أبو الشعر, هند		Female																													
		أبو علبة, عائدة		Female																													
		أبو علي, خديجة		Female																													
		أبو غزالة, رجاء		Female																													
		بدر, ليالي		Female																													
		التل, سهير		Female																													
		جانم, عطاف		Female																													
		جرار, حكيمة		Female																													
		حداد, تريز		Female																													
		حسن, رزاق		Male																													
		حمدان, يوسف		Male																													
		خالد, عدنان		Male								Palestine																					
		الخطيب, يوسف		Male																													
		خليل, إبراهيم		Male																													
		خريس, سائدة		Female																													
		خوري, سميرة		Female																													
		دب, علي		Male																													
		الربيعي, شوكت		Male																													
		زقطان, زهرة		Female																													
		سرحان, نمر		Male								Palestine																					
		السعودي, منى		Female																													
		الشريف, أحمد		Male																													
		عباس, عبد الجبار		Male																													
		العبيدي, سعدون		Male																													
		العقيدي, سلمان		Male																													
		العلاق, علي		Male																													
		عمر, زهرة		Female																													
		العيسى, ريما		Female																													
		غوشة, عصمت		Female																													
		صفدي, مطاع		Male																													
		لؤلؤ, عبد الواحد		Male																													
		مهدي, سامي		Male																													
		النجار, عائدة		Female																													
		النصير, ياسين		Male																													
		الهدهد, روضة		Female																													
		هويدي, صالح		Male																													
		الوسي, ثابت		Male																													
		عاشور, علي	أبو الهول دم دم	Male		Israel	Palestine	20/09/1926		Gaza		Palestine	12/09/1997		Prague		Czech Republic				L3018; L3019	participated in				شويري, سلمى		خاص, محمد؛ بسيسو, معين؛ توما, اميل؛ خميس, صليبا؛ حبيبي, إميل؛ درويش, محمود؛ القاسم, سميح		Editor, Writer, Translator, and Poet	https://amadmedia.com/ar/post/317710		
		سلمان, نور, فرج		Male		Israel	Palestine			Ibillin		Palestine									L3019	participated in								Lawyer and writer published one story collection in 1960 titeled أبرياء وجلادون: قصص من الحياة			
		الرشيد, هارون هاشم		Male																										Palestinian poet who lived in Tunis for a long time.		عوض, ريتا	
		بدين, ادوارد		Male		Palestine																											
		حمو, سعيد		Male																											Wrote testimonial account of 1948 Battle of Jenin in Iraqi journal Afaq Arabiya, Nov. 1979 issue.		https://archive.alsharekh.org/contents/175/16369
		كمالي, شفيق		Male		Iraq																											
	Novinski, Marian			Male		Poland	Belarus														L27												
		الحسيني, محي الدين, علي		Male		Palestine																											
		الحسن, خالد		Male																					الحسن, هاني; الحسن, بلال								
		الحسن, هاني		Male																					الحسن, خالد; الحسن, بلال								
		خوري, سليم		Male		Israel	Palestine		1934	Al-Birwa		Palestine		1991	Haifa		Israel				L3024	participated in									https://www.kataranovels.com/novelist/%D8%B3%D9%84%D9%8A%D9%85-%D8%AE%D9%88%D8%B1%D9%8A/		
	Lorca, García, Federico			Male		Spain		05/06/1898	1898	Fuente Vaqueros				1932			Spain	Homocide	Firing squad	Generation of 27										Poet, writer and playwright deemed to be of great influence for many Arab poets, including Mahmoud Darwish	https://archive.alsharekh.org/Articles/249/18431/416363/14		Bibliographic information drawn from https://www.wikidata.org/wiki/Q41408
		عبد الله, لطوف		Male		Tunisia																							عوض, ريتا				
		بناني, محمد		Male		Tunisia																								A valuable literary personality who owns a vast private collection.			
		الرايس, حياة		Female		Tunisia																						فياض, توفيق					
		دبوسي, بدر		Male		Tunisia																											
		السلفيتي, راجح		Male		Tunisia			1921					1990																Palestinian writer whose folk literature was analysed in an article from the Tunisian journal al-Tariq al-Jadid. He was a member of the communist party in the 1950s, exiled between 1948 and 1967, imprisoned between 1973 and 1974 and received a prize for popular heritage.		TM 15.04.2020	
51832460	Kanana, Sharif	كناعنة, شريف		Male		Palestine			1935	Arraba	Galilee	Israel									L4001	participated in						مهوي, إبراهيم			https://electronicintifada.net/content/interview-sharif-kanaana-palestinian-folklore-and-identity/9825		
310741930		العقرباوي, حمزة		Male	Islam	Palestine		19/07/1984		Nablus		Palestine									L4007; L4008; L4009; L4014; L4017; L4018	participated in	ديريّة, سميرة	ديريّة, أسامة	أسماء؛ عبد الرحمن؛ شيماء؛ براء	ديريةّ, نقاء	أسامة؛ زيد؛ سلمى	كناعنة, شريف؛ حليحلة, سيرين؛ شلش, بلال	كناعنة, شريف؛ البرغوثي, عبد اللطيف		https://www.palinfo.com/news/2016/12/8/حمزة-العقرباوي-المؤرخ-الشاب-والحكواتي-المتجول	Interview with Hamza Aqrabawi	
		الترتير, عادل		Male	Islam	Palestine		14/08/1951		Rafat		Palestine									L4002	hosted by		أبو عدنان, جميل				عشراوي, إميل؛ تماري, فيرا؛ أبو سالم, فرانسوا؛ الكرد, مصطفى؛ البرغوثي, أنيس			https://www.24fm.ps/ar/program/1489501915		
308274489		طافش, كفاح		Male	Islam	Palestine		02/04/1984		Nablus		Palestine									L4003; L4004	participated in			لؤي	حمدان, آسيا	عماد		حكمت, ناظم; معلوف, أمين; منيف, عبد الرحمن; ماركيز, غابرييل			Interview with Kifah Tafish	
96966880		الكرمي, سعيد		Male	Islam	Palestine			1852	Tulkarm		Palestine		1935	Tulkarm		Palestine	Natural									أحمد شاكر; حسن; سعيد; محمود	النشاشيبي, راغب			https://www.aljazeera.net/encyclopedia/icons/2017/11/9/سعيد-الكرمي-شيخ-القضاة-ووالد-الأدباء		
297794961	Salah, Raid	صلاح, رائد		Male	Islam	Palestine		10/11/1958		Umm Al-Fahm		Israel									L4005	hosted by									https://www.aljazeera.net/encyclopedia/icons/2011/5/9/رائد-صلاح		
	Assad, Denes	أسعد, دنيس		Female	Christianity	Palestine		14/04/1958		Nazareth		Palestine											جبران, إلين	جبران, ميخائيل	جلال;عنان; سوسون	أسعد, أسعد	أمير; نيسان; تامر					Interview with Denes Assad	
		النعنع, خالد		Male	Islam	Lebanon		05/02/1982		Beirut		Lebanon									L4009; L4013; L4014; L4015		نعنع, نهيلة	النعنع, جمال	رولا; محسن; عمر	الشريف, رفاه	جمال; دانيال; يوسف	الترتير, عادل; العقرباوي, حمزة; أسعد, دنيس	ابن المقفع, عبد الله		http://alhakawatikhaled.com/	Interview Khaled el Naana	
		الطرايرة, عبد المهدي		Male	Islam	Palestine		25/06/1992		Hebron		Palestine									L4006; L4007; L4008; L4009; L4010; L4011; L4012	participated in	الطرايرة, سارة	الطرايرة, إسماعيل	إياد; مشهور; يوسف; كريم; أحمد; إبراهيم; وفاء; مريم; ولاء; براء			السلمون, نمر; نصار, خليل; العقرباوي, حمزة; صالح, فاطمة الزهراء; الجرتلي, حسن	الجرتلي, حسن			Interview with Abed Tarayra	
		سعيدة, هبة		Female	Islam	Palestine		20/07/1988		Tulkarm		Palestine									L4007; L4008	participated in	عصفور, عفاف	سعيدة, عارف	شادي; فادي; تحرير; شذى			العقرباوي, حمزة; شروف, هلا; بشارات, أحلام; الزقزوق, محمد; البياري, هاني	عاشور, رضوى; البرغوثي, مريد			Interview with Hiba Saida	
		عيسى, محمود		Male	Islam	Palestine		21/05/1968		Anata		Palestine												عيسى, موسى							https://ar.wikipedia.org/wiki/محمود_موسى_عيسى		
308270196		البرغوثي, عبد الله غالب		Male	Islam	Palestine			1972	Kuwait City		Kuwait												البرغوثي, غالب			أسامة; تالا; صفاء				البرغوثي، عبد الله. مهندس على الطريق، ص. 14		
100383786		بسيسو, معين		Male		Palestine			1930	Gaza		Palestine	24/01/1984		London		United Kingdom		Heart attack				الشوا, هدى	توفيق	عابدين; صهيب; سعد; أسامة	البربري, صهباء	توفيق; ريموندا; راحيل	حجازي, يعقوب; حسنين, محمد; المناصرة, عز الدين; ديوب, علي; أبو شريف, بسام; فايز, فايز أحمد; ونوف, سوفر; لاغوما, الكسي; القاسم, سميح; درويش, محمود; الحكيم, توفيق; محمود, عبد الرحيم; يخلف, يحيى; السماوي, شاكر; عامر, منذر; العمري, شوقي; جبران, سالم; أبو نضال, نزيه; عاشور, علي			حجازي, يعقوب. معين بسيسو شاعر فلسطين؛ بسيسو, معين. دفاتر فلسطينية، ص 21		